,装移机情况,全省,南京,无锡,镇江,苏州,南通,扬州,盐城,徐州,淮安,连云港,常州,泰州,宿迁,月份,年份
3,FTTH昨日竣工数合计,1957,273,277,124,396,80,106,135,126,101,57,152,39,91,6,2011
4,FTTH昨日竣工数合计,2219,303,418,186,386,75,145,142,120,59,62,155,32,136,6,2011
5,FTTH昨日竣工数合计,1922,266,348,115,289,57,182,111,115,53,64,164,45,113,6,2011
6,FTTH昨日竣工数合计,1518,173,226,116,230,55,81,162,116,76,62,98,30,93,6,2011
7,FTTH昨日竣工数合计,1162,203,184,83,179,42,41,115,54,30,79,64,29,59,6,2011
8,FTTH昨日竣工数合计,1827,248,329,151,286,46,156,120,102,63,73,125,47,81,6,2011
9,FTTH昨日竣工数合计,2227,512,386,134,307,77,148,205,102,74,70,95,23,94,6,2011
10,FTTH昨日竣工数合计,2051,298,355,138,341,77,164,147,110,78,88,131,36,88,6,2011
11,FTTH昨日竣工数合计,1840,383,302,117,279,53,133,110,89,72,73,111,28,90,6,2011
12,FTTH昨日竣工数合计,1780,285,338,78,265,71,147,142,115,39,64,131,39,66,6,2011
13,FTTH昨日竣工数合计,1625,252,264,104,270,42,66,137,91,75,85,67,50,122,6,2011
14,FTTH昨日竣工数合计,2038,328,273,145,332,59,189,198,113,65,60,122,51,103,6,2011
15,FTTH昨日竣工数合计,2181,256,363,147,292,79,162,178,164,145,84,121,83,107,6,2011
16,FTTH昨日竣工数合计,2302,399,403,207,289,82,148,184,168,73,70,131,60,88,6,2011
17,FTTH昨日竣工数合计,2402,463,342,152,384,77,158,189,125,75,61,192,82,102,6,2011
18,FTTH昨日竣工数合计,2307,299,359,143,480,82,108,146,174,52,57,212,67,128,6,2011
19,FTTH昨日竣工数合计,1571,191,163,113,271,77,61,164,197,69,49,79,51,86,6,2011
20,FTTH昨日竣工数合计,1749,253,258,100,240,59,70,187,160,97,50,104,82,89,6,2011
21,FTTH昨日竣工数合计,2349,392,395,138,360,61,155,211,193,96,69,104,66,109,6,2011
22,FTTH昨日竣工数合计,2258,377,323,146,341,80,120,247,152,89,87,149,42,105,6,2011
23,FTTH昨日竣工数合计,2314,438,338,111,387,71,149,198,175,92,85,122,45,103,6,2011
24,FTTH昨日竣工数合计,2286,298,420,141,389,106,171,175,87,87,64,152,73,123,6,2011
25,FTTH昨日竣工数合计,2056,294,319,94,434,105,91,128,156,29,161,131,37,77,6,2011
26,FTTH昨日竣工数合计,2266,240,472,72,436,111,42,122,172,93,246,139,31,90,6,2011
27,FTTH昨日竣工数合计,2228,455,292,89,321,200,60,164,186,87,102,134,35,103,6,2011
28,FTTH昨日竣工数合计,2534,482,357,98,410,159,118,128,239,92,95,165,65,126,6,2011
29,FTTH昨日竣工数合计,2894,588,418,140,443,192,130,129,257,108,115,166,87,121,6,2011
30,FTTH昨日竣工数合计,3228,654,447,247,590,127,129,198,228,121,127,212,45,103,6,2011
33,FTTH昨日竣工数合计,2243,363,451,109,339,75,57,102,185,52,117,246,75,72,7,2011
34,FTTH昨日竣工数合计,2159,361,365,112,320,62,62,113,201,105,92,202,56,108,7,2011
35,FTTH昨日竣工数合计,2518,269,474,139,383,81,119,120,221,56,275,191,79,111,7,2011
36,FTTH昨日竣工数合计,2239,296,432,117,382,88,62,104,215,80,152,205,61,45,7,2011
37,FTTH昨日竣工数合计,2327,340,338,116,419,89,70,129,188,77,197,164,83,117,7,2011
38,FTTH昨日竣工数合计,2762,316,588,134,472,156,159,106,193,97,168,168,87,118,7,2011
39,FTTH昨日竣工数合计,2529,317,489,145,365,106,85,135,227,91,143,182,66,178,7,2011
40,FTTH昨日竣工数合计,2403,320,319,119,280,65,158,108,260,91,340,161,63,119,7,2011
41,FTTH昨日竣工数合计,2517,287,500,114,432,104,169,108,188,111,160,144,48,152,7,2011
42,FTTH昨日竣工数合计,2593,405,420,125,400,75,130,193,251,111,121,176,45,141,7,2011
43,FTTH昨日竣工数合计,2821,538,468,131,415,186,128,153,253,139,159,106,54,91,7,2011
44,FTTH昨日竣工数合计,2561,497,300,132,449,107,147,205,224,99,107,108,76,110,7,2011
45,FTTH昨日竣工数合计,2978,354,506,119,503,169,204,194,293,147,121,158,86,124,7,2011
46,FTTH昨日竣工数合计,2524,378,447,136,424,92,127,171,279,50,134,129,56,101,7,2011
47,FTTH昨日竣工数合计,2325,336,367,133,326,98,88,196,296,75,159,104,48,99,7,2011
48,FTTH昨日竣工数合计,2219,306,455,148,399,54,141,117,195,49,80,135,46,94,7,2011
49,FTTH昨日竣工数合计,2357,341,466,124,477,72,143,144,116,55,99,166,67,87,7,2011
50,FTTH昨日竣工数合计,2819,327,497,158,533,138,215,171,197,64,188,174,52,105,7,2011
51,FTTH昨日竣工数合计,3015,396,508,130,452,100,115,157,232,76,474,191,51,133,7,2011
52,FTTH昨日竣工数合计,3078,508,502,140,467,83,187,131,256,97,291,202,76,138,7,2011
53,FTTH昨日竣工数合计,2524,423,531,108,374,72,117,106,248,47,140,156,94,108,7,2011
54,FTTH昨日竣工数合计,2439,390,504,123,307,91,156,122,291,46,116,148,56,89,7,2011
55,FTTH昨日竣工数合计,2500,348,607,154,386,75,150,120,246,57,87,131,72,67,7,2011
56,FTTH昨日竣工数合计,3389,369,680,184,496,90,147,128,247,63,678,142,65,100,7,2011
57,FTTH昨日竣工数合计,2989,412,607,197,552,88,123,124,240,79,114,208,103,142,7,2011
58,FTTH昨日竣工数合计,2851,388,573,156,537,115,131,119,265,58,146,188,64,111,7,2011
59,FTTH昨日竣工数合计,2975,462,554,116,573,87,168,178,246,102,136,191,67,95,7,2011
60,FTTH昨日竣工数合计,3376,526,603,200,495,90,142,142,328,55,122,440,106,127,7,2011
63,FTTH昨日竣工数合计,2470,253,531,111,445,133,165,119,161,52,97,216,97,90,8,2011
64,FTTH昨日竣工数合计,2827,338,558,137,448,108,179,140,297,75,130,193,95,129,8,2011
65,FTTH昨日竣工数合计,2777,274,561,124,495,127,175,122,265,77,133,231,69,124,8,2011
66,FTTH昨日竣工数合计,2764,295,653,117,439,111,113,164,298,79,108,178,99,110,8,2011
67,FTTH昨日竣工数合计,2497,271,607,90,424,98,144,124,190,56,131,212,70,80,8,2011
68,FTTH昨日竣工数合计,2377,279,624,127,313,70,211,124,160,46,92,192,54,85,8,2011
69,FTTH昨日竣工数合计,3161,294,621,121,400,100,152,108,254,83,499,333,84,112,8,2011
70,FTTH昨日竣工数合计,2668,327,552,127,406,97,147,133,265,102,106,212,65,129,8,2011
71,FTTH昨日竣工数合计,3180,324,561,112,389,111,209,106,213,53,702,222,97,81,8,2011
72,FTTH昨日竣工数合计,3006,337,680,113,484,91,207,97,265,59,110,262,152,149,8,2011
73,FTTH昨日竣工数合计,2731,323,550,100,393,80,206,158,254,55,106,268,111,127,8,2011
74,FTTH昨日竣工数合计,2636,261,558,75,388,88,153,128,260,68,160,246,117,134,8,2011
75,FTTH昨日竣工数合计,2111,250,464,70,291,57,126,97,319,46,81,121,66,123,8,2011
76,FTTH昨日竣工数合计,2637,270,567,145,369,99,116,117,256,61,74,333,130,100,8,2011
77,FTTH昨日竣工数合计,2820,325,615,124,459,79,192,104,291,60,98,261,114,98,8,2011
78,FTTH昨日竣工数合计,3100,378,634,118,481,148,224,102,376,66,119,193,139,122,8,2011
79,FTTH昨日竣工数合计,2990,289,659,125,419,102,202,211,260,53,108,296,138,128,8,2011
80,FTTH昨日竣工数合计,3736,377,834,112,491,96,173,129,281,62,470,446,144,121,8,2011
81,FTTH昨日竣工数合计,2968,282,653,117,435,106,116,142,174,39,235,393,137,139,8,2011
82,FTTH昨日竣工数合计,2272,295,405,93,343,133,119,140,171,45,77,253,140,58,8,2011
83,FTTH昨日竣工数合计,2815,346,533,115,384,82,140,137,241,66,88,482,76,125,8,2011
84,FTTH昨日竣工数合计,2914,333,628,153,484,110,113,162,273,56,111,276,87,128,8,2011
85,FTTH昨日竣工数合计,3048,384,659,135,481,116,187,178,253,78,105,216,117,139,8,2011
86,FTTH昨日竣工数合计,2766,462,533,188,348,114,172,185,250,59,93,172,85,105,8,2011
87,FTTH昨日竣工数合计,3048,479,569,142,542,158,144,185,204,43,111,178,183,110,8,2011
88,FTTH昨日竣工数合计,3159,475,619,135,418,303,222,137,241,39,110,235,143,82,8,2011
89,FTTH昨日竣工数合计,3140,446,565,137,402,153,147,182,429,45,197,184,190,63,8,2011
90,FTTH昨日竣工数合计,3084,453,783,220,494,114,160,155,181,47,87,185,133,72,8,2011
91,FTTH昨日竣工数合计,3717,763,737,204,639,120,183,157,239,80,120,290,106,79,8,2011
94,FTTH昨日竣工数合计,3781,673,865,162,484,149,188,184,253,51,122,415,139,96,9,2011
95,FTTH昨日竣工数合计,3344,401,724,139,451,130,175,166,247,65,320,303,144,79,9,2011
96,FTTH昨日竣工数合计,2644,332,598,128,358,140,166,162,249,39,88,172,133,79,9,2011
97,FTTH昨日竣工数合计,3194,512,766,137,424,103,250,149,197,57,95,236,106,162,9,2011
98,FTTH昨日竣工数合计,3588,533,903,159,477,154,197,202,230,73,116,289,136,119,9,2011
99,FTTH昨日竣工数合计,3888,557,907,173,511,150,223,178,239,111,184,389,143,123,9,2011
100,FTTH昨日竣工数合计,4161,564,922,143,556,212,257,265,369,59,114,500,130,70,9,2011
101,FTTH昨日竣工数合计,3811,447,909,129,518,131,275,194,366,107,132,320,160,123,9,2011
102,FTTH昨日竣工数合计,4081,503,842,133,433,152,215,135,224,42,828,358,149,67,9,2011
103,FTTH昨日竣工数合计,2954,463,756,122,362,132,169,157,236,16,60,310,103,68,9,2011
104,FTTH昨日竣工数合计,1714,277,390,48,214,88,36,128,122,4,15,286,74,32,9,2011
105,FTTH昨日竣工数合计,3167,496,827,112,432,163,126,173,157,63,88,295,111,124,9,2011
106,FTTH昨日竣工数合计,3998,484,1035,134,529,138,265,211,194,71,118,497,165,157,9,2011
107,FTTH昨日竣工数合计,4373,444,1090,164,551,187,261,270,235,82,108,656,200,125,9,2011
108,FTTH昨日竣工数合计,4396,604,1145,174,558,146,181,276,315,68,286,387,137,119,9,2011
109,FTTH昨日竣工数合计,3920,591,1111,175,500,118,220,368,174,54,92,349,128,40,9,2011
110,FTTH昨日竣工数合计,3487,517,846,138,403,135,176,212,407,41,88,335,124,65,9,2011
111,FTTH昨日竣工数合计,3575,605,855,148,466,127,195,202,199,45,101,430,89,113,9,2011
112,FTTH昨日竣工数合计,4506,595,1185,155,558,154,206,389,329,54,131,502,150,98,9,2011
113,FTTH昨日竣工数合计,4250,625,960,193,581,212,252,283,278,80,117,453,124,92,9,2011
114,FTTH昨日竣工数合计,4756,581,1309,242,628,257,232,306,394,71,99,349,183,105,9,2011
115,FTTH昨日竣工数合计,4603,625,1201,252,651,185,211,261,355,94,137,375,174,82,9,2011
116,FTTH昨日竣工数合计,4563,747,1111,172,669,309,231,191,343,58,136,329,180,87,9,2011
117,FTTH昨日竣工数合计,3996,642,922,177,537,217,196,193,379,75,136,271,180,71,9,2011
118,FTTH昨日竣工数合计,4282,659,1000,157,590,201,226,185,361,112,120,429,160,82,9,2011
119,FTTH昨日竣工数合计,4763,647,981,193,641,259,245,402,407,71,128,524,177,88,9,2011
120,FTTH昨日竣工数合计,4849,575,979,206,863,344,281,379,326,68,91,467,137,133,9,2011
121,FTTH昨日竣工数合计,5189,610,1075,267,767,438,313,254,491,101,126,420,246,81,9,2011
124,FTTH昨日竣工数合计,2566,248,630,70,257,283,118,259,223,40,106,186,88,58,10,2011
125,FTTH昨日竣工数合计,2944,352,642,92,297,319,105,180,314,49,103,313,86,92,10,2011
126,FTTH昨日竣工数合计,3245,390,777,109,382,301,167,164,277,57,119,288,119,95,10,2011
127,FTTH昨日竣工数合计,3196,463,733,115,354,186,181,180,284,63,151,283,129,74,10,2011
128,FTTH昨日竣工数合计,3189,454,745,85,361,210,207,124,322,43,196,292,98,52,10,2011
129,FTTH昨日竣工数合计,3318,541,710,97,390,121,177,171,308,58,102,436,160,47,10,2011
130,FTTH昨日竣工数合计,3921,580,995,118,512,178,218,171,243,62,138,393,182,131,10,2011
131,FTTH昨日竣工数合计,4612,647,1269,144,606,269,281,227,263,84,167,446,133,76,10,2011
132,FTTH昨日竣工数合计,4834,738,1143,168,557,397,224,359,309,51,160,487,159,82,10,2011
133,FTTH昨日竣工数合计,4912,1004,1077,207,590,208,300,290,311,80,173,435,164,73,10,2011
134,FTTH昨日竣工数合计,4798,609,1239,167,586,524,209,191,199,79,147,566,192,90,10,2011
135,FTTH昨日竣工数合计,4666,769,1281,168,529,194,216,232,297,93,117,524,161,85,10,2011
136,FTTH昨日竣工数合计,4172,664,943,203,483,184,205,140,258,64,126,587,199,116,10,2011
137,FTTH昨日竣工数合计,4124,757,939,147,566,223,204,160,279,98,104,435,145,67,10,2011
138,FTTH昨日竣工数合计,4004,719,985,136,456,215,299,144,217,88,144,402,152,47,10,2011
139,FTTH昨日竣工数合计,4415,629,1061,114,542,185,245,153,330,107,162,659,140,88,10,2011
140,FTTH昨日竣工数合计,4641,633,1201,153,584,243,220,185,284,70,208,573,203,84,10,2011
141,FTTH昨日竣工数合计,5022,726,1216,194,615,228,264,241,408,93,194,547,201,95,10,2011
142,FTTH昨日竣工数合计,4522,597,1124,147,593,247,286,236,269,80,214,420,231,78,10,2011
143,FTTH昨日竣工数合计,4468,595,1151,193,546,217,285,169,306,70,152,460,246,78,10,2011
144,FTTH昨日竣工数合计,4510,684,1014,206,578,243,329,175,365,59,213,377,204,63,10,2011
145,FTTH昨日竣工数合计,3834,744,832,149,464,306,198,110,223,49,173,366,192,28,10,2011
146,FTTH昨日竣工数合计,3785,551,783,141,473,174,267,129,305,73,204,415,196,74,10,2011
147,FTTH昨日竣工数合计,4677,663,1119,178,655,262,284,160,327,87,205,383,269,85,10,2011
148,FTTH昨日竣工数合计,4909,660,1111,207,632,287,287,281,344,61,197,423,311,108,10,2011
149,FTTH昨日竣工数合计,5048,727,1136,187,658,283,311,274,453,90,229,385,195,120,10,2011
150,FTTH昨日竣工数合计,4907,664,1016,225,708,275,285,259,446,77,249,320,299,84,10,2011
151,FTTH昨日竣工数合计,4703,798,838,168,627,361,255,216,416,72,283,363,216,90,10,2011
152,FTTH昨日竣工数合计,4394,734,764,137,572,291,190,292,441,59,295,348,213,58,10,2011
155,FTTH昨日竣工数合计,4657,723,1149,193,606,215,273,254,253,70,133,405,294,89,11,2011
156,FTTH昨日竣工数合计,4836,776,1256,215,607,217,258,250,248,81,122,459,248,99,11,2011
157,FTTH昨日竣工数合计,4611,730,1201,188,593,225,254,196,249,76,102,410,303,84,11,2011
158,FTTH昨日竣工数合计,4306,744,1134,187,501,170,195,126,178,51,87,510,362,61,11,2011
159,FTTH昨日竣工数合计,3861,664,985,162,425,139,196,142,154,53,96,476,327,42,11,2011
160,FTTH昨日竣工数合计,4137,773,1008,131,517,139,252,122,187,59,110,446,291,102,11,2011
161,FTTH昨日竣工数合计,4695,807,1254,201,609,175,215,214,210,66,76,552,230,86,11,2011
162,FTTH昨日竣工数合计,4916,916,1262,233,561,190,286,203,258,69,50,546,213,129,11,2011
163,FTTH昨日竣工数合计,5087,882,1241,233,639,208,297,231,233,90,68,667,245,53,11,2011
164,FTTH昨日竣工数合计,4887,860,1185,200,609,229,227,189,224,87,80,717,216,64,11,2011
165,FTTH昨日竣工数合计,4854,860,1393,217,569,194,248,194,236,66,84,524,200,69,11,2011
166,FTTH昨日竣工数合计,4367,821,1296,174,464,193,242,144,242,35,78,456,163,59,11,2011
167,FTTH昨日竣工数合计,4580,801,1298,151,557,212,194,138,204,60,79,656,160,70,11,2011
168,FTTH昨日竣工数合计,4890,857,1487,219,585,216,279,200,205,75,73,440,176,78,11,2011
169,FTTH昨日竣工数合计,5201,916,1485,236,689,238,210,200,253,52,58,668,133,63,11,2011
170,FTTH昨日竣工数合计,5362,1043,1441,251,649,251,306,207,300,70,85,513,165,81,11,2011
171,FTTH昨日竣工数合计,4988,855,1451,200,659,190,273,189,259,78,64,514,179,77,11,2011
172,FTTH昨日竣工数合计,4931,961,1359,236,590,237,320,158,276,53,65,430,184,62,11,2011
173,FTTH昨日竣工数合计,4752,962,1323,183,494,192,242,113,391,60,61,417,238,76,11,2011
174,FTTH昨日竣工数合计,4975,800,1369,166,556,141,277,256,324,86,58,620,245,77,11,2011
175,FTTH昨日竣工数合计,4913,906,1311,283,564,227,238,155,238,74,64,504,256,93,11,2011
176,FTTH昨日竣工数合计,5593,849,1552,309,721,236,290,245,380,96,84,483,240,108,11,2011
177,FTTH昨日竣工数合计,5227,881,1334,241,686,214,266,283,294,117,72,470,278,91,11,2011
178,FTTH昨日竣工数合计,5544,824,1479,215,656,268,275,250,324,136,111,594,317,95,11,2011
179,FTTH昨日竣工数合计,5248,956,1428,252,657,267,309,151,296,84,60,477,261,50,11,2011
180,FTTH昨日竣工数合计,4933,1015,1401,223,636,225,289,122,262,69,72,366,210,43,11,2011
181,FTTH昨日竣工数合计,5290,970,1372,200,756,211,256,290,300,83,87,483,225,57,11,2011
182,FTTH昨日竣工数合计,5875,964,1828,239,792,192,292,332,178,85,63,549,253,108,11,2011
185,FTTH昨日竣工数合计,4857,755,1435,206,595,210,180,261,255,57,60,526,239,78,12,2011
186,FTTH昨日竣工数合计,5359,948,1578,228,564,222,245,229,305,69,61,610,207,93,12,2011
187,FTTH昨日竣工数合计,5004,1029,1527,167,507,206,222,290,248,71,36,423,211,67,12,2011
188,FTTH昨日竣工数合计,5169,903,1676,180,570,222,262,151,240,82,130,467,202,84,12,2011
189,FTTH昨日竣工数合计,5510,944,1479,163,703,252,281,335,255,59,66,577,265,131,12,2011
190,FTTH昨日竣工数合计,4606,807,1367,163,523,202,254,200,234,57,63,465,210,61,12,2011
191,FTTH昨日竣工数合计,5258,907,1365,246,615,231,260,203,340,141,86,543,227,94,12,2011
192,FTTH昨日竣工数合计,5485,1004,1575,226,634,215,316,227,293,111,64,516,218,86,12,2011
193,FTTH昨日竣工数合计,5549,983,1695,242,643,234,298,185,319,80,80,467,254,69,12,2011
194,FTTH昨日竣工数合计,5154,1114,1517,157,512,232,239,153,328,89,69,436,257,51,12,2011
195,FTTH昨日竣工数合计,5577,1079,1685,150,579,225,275,194,348,103,62,559,203,115,12,2011
196,FTTH昨日竣工数合计,5917,1110,1815,202,646,253,316,323,257,77,62,589,209,58,12,2011
197,FTTH昨日竣工数合计,5947,1060,1636,211,704,314,378,290,278,81,71,574,234,116,12,2011
198,FTTH昨日竣工数合计,6002,1209,1502,281,676,228,331,373,311,94,65,503,301,128,12,2011
199,FTTH昨日竣工数合计,5628,972,1533,315,693,266,311,247,321,77,96,489,206,102,12,2011
200,FTTH昨日竣工数合计,5567,1263,1628,190,683,247,298,189,236,95,61,409,155,113,12,2011
201,FTTH昨日竣工数合计,5109,1221,1462,159,582,190,240,176,271,88,66,420,149,85,12,2011
202,FTTH昨日竣工数合计,5565,1078,1500,192,693,186,298,265,302,92,78,549,205,127,12,2011
203,FTTH昨日竣工数合计,5992,1263,1695,193,705,223,338,231,313,93,69,483,236,150,12,2011
204,FTTH昨日竣工数合计,5936,1165,1588,228,769,202,340,323,345,89,83,459,225,120,12,2011
205,FTTH昨日竣工数合计,6419,1213,1907,263,725,249,230,286,558,118,75,537,142,116,12,2011
206,FTTH昨日竣工数合计,6009,1106,1607,216,761,262,302,333,319,146,88,610,168,91,12,2011
207,FTTH昨日竣工数合计,6324,1368,1664,198,749,282,280,301,348,76,92,533,346,87,12,2011
208,FTTH昨日竣工数合计,5711,1445,1464,202,660,214,240,290,335,104,74,467,167,49,12,2011
209,FTTH昨日竣工数合计,5898,1219,1489,230,781,270,299,276,332,102,86,540,151,123,12,2011
210,FTTH昨日竣工数合计,6538,1276,1590,232,866,259,436,377,316,115,101,604,250,116,12,2011
211,FTTH昨日竣工数合计,6868,1263,1695,314,892,294,439,489,352,114,108,512,300,96,12,2011
212,FTTH昨日竣工数合计,7156,1368,1798,268,890,420,363,377,419,135,96,536,419,67,12,2011
213,FTTH昨日竣工数合计,7104,1381,1773,251,877,315,432,395,403,144,91,589,360,93,12,2011
216,FTTH昨日竣工数合计,4180,675,876,169,485,258,175,299,376,75,71,442,171,108,1,2012
217,FTTH昨日竣工数合计,4709,885,947,160,533,252,203,622,293,88,68,376,165,117,1,2012
218,FTTH昨日竣工数合计,5161,1107,1037,217,687,223,259,368,330,94,85,516,147,91,1,2012
219,FTTH昨日竣工数合计,6403,1178,1374,249,778,304,292,458,374,144,105,617,371,159,1,2012
220,FTTH昨日竣工数合计,6186,1266,1302,261,768,324,307,494,382,130,100,534,153,165,1,2012
221,FTTH昨日竣工数合计,6288,1316,1258,272,746,317,222,471,456,123,115,596,231,165,1,2012
222,FTTH昨日竣工数合计,5802,1217,1182,214,686,273,297,420,551,114,109,446,158,135,1,2012
223,FTTH昨日竣工数合计,5978,1099,1353,245,797,254,243,388,501,115,97,536,171,179,1,2012
224,FTTH昨日竣工数合计,6406,1040,1491,214,820,312,275,559,453,160,95,564,194,229,1,2012
225,FTTH昨日竣工数合计,6737,1066,1556,276,924,251,351,496,456,178,107,686,207,183,1,2012
226,FTTH昨日竣工数合计,6422,1043,1472,299,801,276,351,489,431,199,104,610,215,132,1,2012
227,FTTH昨日竣工数合计,6853,1015,1603,307,895,292,349,579,481,190,111,613,214,204,1,2012
228,FTTH昨日竣工数合计,6709,1288,1382,323,737,318,288,566,486,198,143,569,183,228,1,2012
229,FTTH昨日竣工数合计,5835,1177,1271,221,618,338,261,465,362,176,98,544,157,147,1,2012
230,FTTH昨日竣工数合计,6086,944,1239,282,773,295,333,514,416,158,133,654,172,173,1,2012
231,FTTH昨日竣工数合计,6868,1006,1378,309,966,289,345,617,346,190,176,713,286,247,1,2012
232,FTTH昨日竣工数合计,6532,848,1279,299,845,371,307,662,411,185,160,711,241,213,1,2012
233,FTTH昨日竣工数合计,6570,857,1290,351,783,342,348,606,390,259,147,671,228,298,1,2012
234,FTTH昨日竣工数合计,5929,738,926,284,887,297,288,550,346,187,136,791,307,192,1,2012
235,FTTH昨日竣工数合计,3858,390,659,131,609,191,191,341,262,165,118,433,144,224,1,2012
236,FTTH昨日竣工数合计,813,109,134,46,93,48,25,39,58,19,27,99,69,47,1,2012
237,FTTH昨日竣工数合计,102,26,18,3,9,3,0,7,12,3,2,8,0,11,1,2012
238,FTTH昨日竣工数合计,97,18,16,0,27,1,1,3,12,4,0,9,1,5,1,2012
239,FTTH昨日竣工数合计,157,36,29,4,27,3,1,5,20,3,7,11,1,10,1,2012
240,FTTH昨日竣工数合计,499,63,71,5,160,15,11,10,86,2,6,11,21,38,1,2012
241,FTTH昨日竣工数合计,764,103,115,7,202,39,13,23,159,7,10,54,6,26,1,2012
242,FTTH昨日竣工数合计,969,128,212,6,245,40,14,32,138,14,2,71,9,58,1,2012
243,FTTH昨日竣工数合计,2083,299,460,50,491,80,39,101,198,34,49,145,38,99,1,2012
244,FTTH昨日竣工数合计,3673,457,840,63,740,118,103,557,195,77,65,312,51,95,1,2012
247,FTTH昨日竣工数合计,5052,893,1161,103,743,203,222,458,317,119,75,564,74,120,2,2012
248,FTTH昨日竣工数合计,5624,909,1260,162,823,190,281,694,352,74,107,542,73,157,2,2012
249,FTTH昨日竣工数合计,4912,1003,1161,168,802,165,274,229,316,88,81,389,95,141,2,2012
250,FTTH昨日竣工数合计,4400,1037,1040,147,668,143,221,185,273,70,60,417,56,83,2,2012
251,FTTH昨日竣工数合计,4037,916,943,140,558,107,230,164,280,103,76,342,50,128,2,2012
252,FTTH昨日竣工数合计,5152,948,1172,205,982,153,283,225,266,109,88,439,152,130,2,2012
253,FTTH昨日竣工数合计,5155,763,1231,220,902,170,371,212,326,103,92,527,101,137,2,2012
254,FTTH昨日竣工数合计,5241,662,1346,172,916,239,334,254,316,92,102,557,109,142,2,2012
255,FTTH昨日竣工数合计,5104,704,1246,264,870,171,326,187,387,121,70,553,92,113,2,2012
256,FTTH昨日竣工数合计,5167,662,1248,280,902,171,395,189,383,103,137,472,90,135,2,2012
257,FTTH昨日竣工数合计,4122,438,968,155,792,195,316,153,300,69,69,519,84,64,2,2012
258,FTTH昨日竣工数合计,4920,568,1082,212,924,225,368,198,327,126,110,574,75,131,2,2012
259,FTTH昨日竣工数合计,4711,751,1107,188,835,181,335,200,356,113,98,353,83,111,2,2012
260,FTTH昨日竣工数合计,5726,1108,1220,212,931,215,404,326,346,92,148,492,105,127,2,2012
261,FTTH昨日竣工数合计,5981,1095,1365,283,1064,223,391,209,378,110,119,470,150,124,2,2012
262,FTTH昨日竣工数合计,6094,1159,1264,281,1044,199,399,214,400,114,115,534,212,159,2,2012
263,FTTH昨日竣工数合计,5985,1326,1140,232,1080,258,365,211,364,123,133,470,178,105,2,2012
264,FTTH昨日竣工数合计,5503,1455,1023,175,886,253,289,167,296,63,110,426,192,168,2,2012
265,FTTH昨日竣工数合计,5683,1205,1029,237,924,232,370,182,365,111,152,591,158,127,2,2012
266,FTTH昨日竣工数合计,5985,1333,932,235,943,223,348,221,502,108,170,630,186,154,2,2012
267,FTTH昨日竣工数合计,5995,1094,1235,207,1049,210,379,238,563,112,158,406,195,149,2,2012
268,FTTH昨日竣工数合计,6127,1079,1277,260,1083,286,415,202,569,108,114,410,163,161,2,2012
269,FTTH昨日竣工数合计,6319,1171,1319,339,1113,269,398,232,449,125,112,465,192,135,2,2012
270,FTTH昨日竣工数合计,6656,1563,1298,328,1099,287,450,200,439,115,128,400,176,173,2,2012
271,FTTH昨日竣工数合计,6696,1829,1182,241,1003,290,423,175,518,126,152,377,232,148,2,2012
272,FTTH昨日竣工数合计,6758,1509,1330,261,1188,270,459,185,462,194,160,412,159,169,2,2012
273,FTTH昨日竣工数合计,7362,1431,1447,284,1188,279,548,328,560,148,193,562,217,177,2,2012
276,FTTH昨日竣工数合计,6961,1506,1147,338,1216,306,436,212,560,153,190,550,186,161,3,2012
277,FTTH昨日竣工数合计,7197,1601,1363,350,1154,378,494,247,531,166,143,442,151,177,3,2012
278,FTTH昨日竣工数合计,5877,1446,956,245,979,300,407,169,531,146,105,353,124,116,3,2012
279,FTTH昨日竣工数合计,6705,1404,1161,277,1031,245,499,290,520,149,154,639,175,161,3,2012
280,FTTH昨日竣工数合计,6719,1303,1189,277,1358,290,443,234,449,182,167,487,149,191,3,2012
281,FTTH昨日竣工数合计,6749,1301,1061,345,1257,247,466,270,545,178,191,466,242,180,3,2012
282,FTTH昨日竣工数合计,6729,1378,1086,309,1222,287,486,265,535,179,160,473,202,147,3,2012
283,FTTH昨日竣工数合计,6934,1609,1048,324,1180,301,545,238,428,164,214,510,232,141,3,2012
284,FTTH昨日竣工数合计,6547,1514,932,284,1176,359,473,207,490,169,195,410,194,144,3,2012
285,FTTH昨日竣工数合计,6257,1529,888,230,1087,376,491,182,395,138,232,410,179,120,3,2012
286,FTTH昨日竣工数合计,6334,1324,1023,201,1161,312,446,227,378,177,200,563,178,144,3,2012
287,FTTH昨日竣工数合计,6968,1421,979,321,1213,387,509,265,539,188,261,522,188,175,3,2012
288,FTTH昨日竣工数合计,7323,1488,1103,362,1307,385,475,256,492,212,234,552,221,236,3,2012
289,FTTH昨日竣工数合计,6133,1150,874,300,1083,389,527,241,418,167,211,346,198,229,3,2012
290,FTTH昨日竣工数合计,6704,1410,1014,316,1307,367,409,267,420,183,214,432,151,214,3,2012
291,FTTH昨日竣工数合计,6347,1497,758,305,1171,326,414,200,473,212,275,358,169,189,3,2012
292,FTTH昨日竣工数合计,6165,1550,748,215,1023,351,404,193,497,240,255,377,183,129,3,2012
293,FTTH昨日竣工数合计,6890,1744,796,306,1193,397,479,243,513,210,248,402,168,191,3,2012
294,FTTH昨日竣工数合计,7566,1827,1122,296,1285,403,550,214,521,226,271,476,163,212,3,2012
295,FTTH昨日竣工数合计,7454,1558,1199,341,1291,424,484,227,548,231,223,474,241,213,3,2012
296,FTTH昨日竣工数合计,5896,1144,1115,229,1330,295,300,162,357,125,191,387,136,125,3,2012
297,FTTH昨日竣工数合计,7022,1427,977,385,1158,478,503,312,544,226,287,396,126,203,3,2012
298,FTTH昨日竣工数合计,7299,1790,869,339,1256,378,448,268,615,217,297,426,173,223,3,2012
299,FTTH昨日竣工数合计,7278,1966,918,265,1150,446,383,339,489,247,297,387,200,191,3,2012
300,FTTH昨日竣工数合计,7090,1607,979,313,1252,421,505,259,416,193,282,482,163,218,3,2012
301,FTTH昨日竣工数合计,7556,1710,1128,303,1341,457,494,223,500,178,261,546,176,239,3,2012
302,FTTH昨日竣工数合计,7906,1741,1023,411,1310,531,541,308,560,188,340,494,176,283,3,2012
303,FTTH昨日竣工数合计,7079,1615,966,272,1330,455,543,303,405,149,249,350,223,219,3,2012
304,FTTH昨日竣工数合计,6822,1435,882,284,1156,419,546,299,626,198,289,279,122,287,3,2012
307,FTTH昨日竣工数合计,6887,1673,924,352,1234,459,358,250,318,141,266,435,180,297,4,2012
308,FTTH昨日竣工数合计,5821,1404,670,297,1051,417,322,198,347,120,203,405,110,277,4,2012
309,FTTH昨日竣工数合计,4424,1431,577,95,734,313,135,146,204,97,129,308,38,217,4,2012
310,FTTH昨日竣工数合计,6515,1790,909,229,1130,377,375,223,342,146,154,430,139,271,4,2012
311,FTTH昨日竣工数合计,7275,1762,966,251,1376,454,446,247,375,136,244,482,256,280,4,2012
312,FTTH昨日竣工数合计,7767,2117,1092,262,1392,535,526,185,334,162,255,469,168,270,4,2012
313,FTTH昨日竣工数合计,6627,1900,727,259,1198,495,444,250,278,97,224,349,217,189,4,2012
314,FTTH昨日竣工数合计,6542,1441,836,239,1281,433,474,333,397,146,183,429,171,179,4,2012
315,FTTH昨日竣工数合计,7256,1296,1088,321,1404,444,488,259,431,179,227,626,267,226,4,2012
316,FTTH昨日竣工数合计,7220,1417,1101,330,1473,456,399,227,446,199,189,506,200,277,4,2012
317,FTTH昨日竣工数合计,7558,1324,1294,442,1499,488,466,250,414,232,189,472,198,290,4,2012
318,FTTH昨日竣工数合计,6984,1245,880,473,1443,429,447,263,456,184,250,469,188,257,4,2012
319,FTTH昨日竣工数合计,7085,1362,869,330,1488,527,463,207,537,214,254,370,157,307,4,2012
320,FTTH昨日竣工数合计,6836,1661,758,286,1416,531,447,164,404,132,235,343,183,276,4,2012
321,FTTH昨日竣工数合计,6766,1305,880,331,1315,410,417,258,447,159,251,420,210,363,4,2012
322,FTTH昨日竣工数合计,7224,1108,1101,382,1439,484,462,245,527,217,276,493,204,286,4,2012
323,FTTH昨日竣工数合计,7343,1049,1050,347,1629,582,437,223,491,218,328,504,204,281,4,2012
324,FTTH昨日竣工数合计,8165,1212,1056,384,1582,527,367,777,528,181,327,539,304,381,4,2012
325,FTTH昨日竣工数合计,7117,1060,977,323,1574,547,516,250,450,199,281,416,199,325,4,2012
326,FTTH昨日竣工数合计,7280,1246,914,344,1628,514,486,196,404,236,277,456,213,366,4,2012
327,FTTH昨日竣工数合计,6285,1149,739,292,1344,482,376,220,373,191,226,375,247,271,4,2012
328,FTTH昨日竣工数合计,6482,977,779,264,1477,514,414,207,414,198,250,489,184,315,4,2012
329,FTTH昨日竣工数合计,7509,1022,1346,279,1573,541,422,357,330,198,269,562,282,328,4,2012
330,FTTH昨日竣工数合计,7889,880,1140,344,1764,535,482,476,518,247,332,552,254,365,4,2012
331,FTTH昨日竣工数合计,7659,897,1033,390,1717,549,402,416,459,263,350,496,298,389,4,2012
332,FTTH昨日竣工数合计,8307,1003,1264,412,1920,587,449,449,480,198,400,532,252,361,4,2012
333,FTTH昨日竣工数合计,8708,974,1126,381,1940,666,539,665,547,309,358,634,223,346,4,2012
334,FTTH昨日竣工数合计,8273,948,1086,322,1644,603,605,601,635,312,379,500,259,379,4,2012
337,FTTH昨日竣工数合计,7374,786,1098,195,1313,529,339,1194,378,160,270,601,212,299,5,2012
338,FTTH昨日竣工数合计,8062,945,1351,339,1717,610,432,400,441,196,341,600,287,403,5,2012
339,FTTH昨日竣工数合计,8381,939,1248,374,1770,663,451,364,462,274,391,787,261,397,5,2012
340,FTTH昨日竣工数合计,8440,889,1290,302,1774,686,498,369,479,220,442,676,461,354,5,2012
341,FTTH昨日竣工数合计,7390,899,930,336,1561,680,520,319,359,151,413,559,326,337,5,2012
342,FTTH昨日竣工数合计,7159,747,995,342,1532,594,459,324,375,184,363,543,320,381,5,2012
343,FTTH昨日竣工数合计,7521,731,1161,381,1566,657,556,268,359,183,365,593,315,386,5,2012
344,FTTH昨日竣工数合计,8134,806,1153,398,1849,674,478,308,468,210,352,577,456,405,5,2012
345,FTTH昨日竣工数合计,8585,755,1241,509,1850,710,579,249,646,232,400,610,435,369,5,2012
346,FTTH昨日竣工数合计,7938,788,1027,401,1769,665,426,270,547,212,374,527,556,376,5,2012
347,FTTH昨日竣工数合计,8074,844,1132,360,1743,625,460,252,516,246,440,509,521,426,5,2012
348,FTTH昨日竣工数合计,6960,772,857,320,1546,649,448,232,357,257,383,326,466,347,5,2012
349,FTTH昨日竣工数合计,6610,672,922,321,1456,541,409,227,375,265,368,407,370,277,5,2012
350,FTTH昨日竣工数合计,8174,793,1153,365,1740,658,520,258,537,212,426,661,418,433,5,2012
351,FTTH昨日竣工数合计,8258,756,1151,426,1800,736,475,319,473,238,427,677,413,367,5,2012
352,FTTH昨日竣工数合计,8460,735,991,441,1892,633,568,308,602,302,442,630,498,418,5,2012
353,FTTH昨日竣工数合计,7864,722,1098,350,1777,622,462,286,491,249,429,584,433,361,5,2012
354,FTTH昨日竣工数合计,6816,763,779,345,1471,475,488,256,424,285,390,410,374,356,5,2012
355,FTTH昨日竣工数合计,7224,777,941,325,1592,680,473,232,425,194,384,494,453,254,5,2012
356,FTTH昨日竣工数合计,7319,763,1082,386,1358,673,483,259,414,243,374,569,414,301,5,2012
357,FTTH昨日竣工数合计,7563,742,1304,368,1259,649,495,256,486,232,382,673,407,310,5,2012
358,FTTH昨日竣工数合计,8233,797,1185,489,1413,699,513,348,604,271,439,646,468,361,5,2012
359,FTTH昨日竣工数合计,7692,788,1101,418,1191,655,617,344,544,283,420,522,438,371,5,2012
360,FTTH昨日竣工数合计,8233,807,1250,459,1278,779,500,312,640,311,463,677,403,354,5,2012
361,FTTH昨日竣工数合计,8327,863,991,581,1396,760,552,350,571,377,461,629,428,368,5,2012
362,FTTH昨日竣工数合计,7673,789,993,388,1228,666,518,360,574,434,462,512,430,319,5,2012
363,FTTH昨日竣工数合计,7976,805,1246,525,1232,680,476,407,532,288,440,550,402,393,5,2012
364,FTTH昨日竣工数合计,8194,867,1363,403,1355,666,546,351,542,335,396,587,391,392,5,2012
365,FTTH昨日竣工数合计,8383,906,1311,465,1177,770,513,409,659,317,370,610,437,439,5,2012
368,FTTH昨日竣工数合计,8072,953,1164,414,1284,751,543,407,450,307,367,591,466,375,6,2012
369,FTTH昨日竣工数合计,7272,843,1033,389,1211,610,520,375,422,287,364,566,276,376,6,2012
370,FTTH昨日竣工数合计,7741,800,1118,361,1072,746,396,578,436,266,329,731,450,458,6,2012
371,FTTH昨日竣工数合计,8348,695,1147,374,1393,742,543,462,489,300,551,777,434,441,6,2012
372,FTTH昨日竣工数合计,8164,708,1122,431,1288,749,554,396,504,353,427,805,404,423,6,2012
373,FTTH昨日竣工数合计,7718,717,1102,432,1205,782,531,351,435,267,361,754,370,411,6,2012
374,FTTH昨日竣工数合计,7903,716,1113,395,1183,736,560,425,469,300,414,803,403,386,6,2012
375,FTTH昨日竣工数合计,7471,772,1089,376,1204,721,487,358,433,251,445,632,364,339,6,2012
376,FTTH昨日竣工数合计,7353,742,1064,346,1087,775,528,432,429,252,366,597,366,369,6,2012
377,FTTH昨日竣工数合计,7706,757,1092,363,1149,678,516,457,455,248,392,721,439,439,6,2012
378,FTTH昨日竣工数合计,8225,859,1210,356,1207,635,533,549,452,310,392,796,485,441,6,2012
379,FTTH昨日竣工数合计,8452,849,1163,414,1282,702,595,538,516,268,392,841,494,398,6,2012
380,FTTH昨日竣工数合计,9001,867,1335,424,1294,872,566,558,624,320,409,790,476,466,6,2012
381,FTTH昨日竣工数合计,8600,864,1194,392,1210,888,522,494,628,357,361,691,465,534,6,2012
382,FTTH昨日竣工数合计,8984,1074,1177,421,1388,961,601,424,515,323,375,716,539,470,6,2012
383,FTTH昨日竣工数合计,7894,925,1096,350,1029,884,556,427,421,284,431,601,509,381,6,2012
384,FTTH昨日竣工数合计,8206,892,1134,387,1068,781,549,447,510,301,392,802,479,464,6,2012
385,FTTH昨日竣工数合计,8733,948,1263,384,1268,829,582,494,592,299,391,695,516,472,6,2012
386,FTTH昨日竣工数合计,8969,892,1249,391,1360,852,636,536,592,296,390,766,448,561,6,2012
387,FTTH昨日竣工数合计,9136,1004,1178,522,1331,991,522,459,554,367,435,791,456,526,6,2012
388,FTTH昨日竣工数合计,9736,1059,1250,452,1353,1156,566,513,703,364,412,774,540,594,6,2012
389,FTTH昨日竣工数合计,7333,633,1108,230,1192,1018,362,384,597,222,303,551,360,373,6,2012
390,FTTH昨日竣工数合计,8361,892,1205,322,1259,1149,468,376,545,299,377,558,436,475,6,2012
391,FTTH昨日竣工数合计,8523,948,1244,367,1180,948,513,431,486,312,382,772,502,438,6,2012
392,FTTH昨日竣工数合计,8109,940,995,379,1068,837,574,483,628,378,422,487,492,426,6,2012
393,FTTH昨日竣工数合计,10140,951,1296,369,1538,1266,718,605,701,429,463,776,459,569,6,2012
394,FTTH昨日竣工数合计,9704,1055,1311,430,1623,1095,705,630,709,314,287,786,469,290,6,2012
395,FTTH昨日竣工数合计,9976,1228,1405,474,1629,1149,601,622,639,340,239,782,460,408,6,2012
398,FTTH昨日竣工数合计,7629,1038,1134,328,1241,629,399,361,447,266,356,795,440,195,7,2012
399,FTTH昨日竣工数合计,8274,1056,1227,333,1298,679,352,416,472,440,365,817,443,376,7,2012
400,FTTH昨日竣工数合计,7815,1058,1276,431,1278,751,415,384,375,214,329,806,368,130,7,2012
401,FTTH昨日竣工数合计,7740,965,1043,445,1300,638,469,412,346,348,337,794,350,293,7,2012
402,FTTH昨日竣工数合计,8053,993,1109,405,1183,697,482,377,550,333,370,863,430,261,7,2012
403,FTTH昨日竣工数合计,8299,1000,1275,418,1342,648,515,420,517,293,448,775,403,245,7,2012
404,FTTH昨日竣工数合计,6707,946,1070,308,1179,523,420,301,464,283,96,565,355,197,7,2012
405,FTTH昨日竣工数合计,7664,895,1229,453,1206,567,431,372,441,404,174,782,446,264,7,2012
406,FTTH昨日竣工数合计,8046,856,1274,371,1358,593,479,431,588,333,245,790,454,274,7,2012
407,FTTH昨日竣工数合计,7995,995,1155,419,1283,642,451,490,499,316,261,722,436,326,7,2012
408,FTTH昨日竣工数合计,7852,740,1202,439,1310,536,447,560,541,367,244,721,437,308,7,2012
409,FTTH昨日竣工数合计,7232,854,1156,328,1190,502,368,470,494,248,199,678,421,324,7,2012
410,FTTH昨日竣工数合计,6844,865,986,218,1252,511,330,441,561,340,251,490,271,328,7,2012
411,FTTH昨日竣工数合计,7691,995,1164,390,1232,540,437,473,536,351,227,671,442,233,7,2012
412,FTTH昨日竣工数合计,7867,918,1150,410,1198,587,469,584,512,312,222,697,460,348,7,2012
413,FTTH昨日竣工数合计,8249,1015,1208,400,1246,578,507,532,612,341,237,769,478,326,7,2012
414,FTTH昨日竣工数合计,8696,1010,1215,466,1421,571,588,608,612,410,210,719,518,348,7,2012
415,FTTH昨日竣工数合计,8169,914,1148,422,1312,631,524,579,505,354,215,758,459,348,7,2012
416,FTTH昨日竣工数合计,8333,1034,1135,432,1250,620,537,594,596,400,177,738,487,333,7,2012
417,FTTH昨日竣工数合计,7971,1040,1039,421,1397,556,496,559,482,327,194,680,474,306,7,2012
418,FTTH昨日竣工数合计,7675,1020,1119,352,1236,619,441,512,448,323,152,647,507,299,7,2012
419,FTTH昨日竣工数合计,7399,860,987,370,1113,573,463,611,412,408,200,650,479,273,7,2012
420,FTTH昨日竣工数合计,8204,900,1178,386,1316,639,465,509,460,378,230,787,569,387,7,2012
421,FTTH昨日竣工数合计,8238,949,1082,394,1338,681,525,654,497,372,227,737,529,253,7,2012
422,FTTH昨日竣工数合计,8509,943,1191,466,1326,706,566,655,473,347,221,753,571,291,7,2012
423,FTTH昨日竣工数合计,8526,968,1158,461,1246,665,576,598,725,357,224,733,566,249,7,2012
424,FTTH昨日竣工数合计,8321,985,1071,435,1428,693,580,576,533,350,211,665,515,279,7,2012
425,FTTH昨日竣工数合计,7792,958,1119,363,1243,712,438,513,580,343,185,582,518,238,7,2012
426,FTTH昨日竣工数合计,8385,991,1012,387,1334,695,737,699,564,356,195,642,522,251,7,2012
429,FTTH昨日竣工数合计,8059,928,1060,392,1275,579,417,562,497,348,231,839,618,313,8,2012
430,FTTH昨日竣工数合计,7915,849,1005,370,1245,678,413,563,563,409,211,776,558,275,8,2012
431,FTTH昨日竣工数合计,8103,995,1065,340,1363,574,421,565,582,354,220,759,568,297,8,2012
432,FTTH昨日竣工数合计,7256,867,999,350,1143,600,391,496,538,285,201,597,539,250,8,2012
433,FTTH昨日竣工数合计,7626,902,1072,381,1103,724,379,590,495,314,190,725,511,240,8,2012
434,FTTH昨日竣工数合计,8205,905,1186,442,1310,724,398,593,567,322,179,734,519,326,8,2012
435,FTTH昨日竣工数合计,5700,740,474,265,493,455,369,591,636,283,210,397,475,312,8,2012
436,FTTH昨日竣工数合计,6162,524,876,267,943,635,238,462,581,223,139,541,454,279,8,2012
437,FTTH昨日竣工数合计,6882,788,1052,287,1180,669,285,543,492,197,50,650,531,158,8,2012
438,FTTH昨日竣工数合计,7746,963,1184,304,1205,728,337,464,522,321,190,631,618,279,8,2012
439,FTTH昨日竣工数合计,7316,966,1088,329,1139,623,340,499,460,296,165,603,623,185,8,2012
440,FTTH昨日竣工数合计,6373,849,843,308,940,552,402,445,350,261,180,592,440,211,8,2012
441,FTTH昨日竣工数合计,8375,894,1252,360,1334,787,445,563,534,338,227,746,656,239,8,2012
442,FTTH昨日竣工数合计,8365,903,1133,355,1315,794,547,575,648,349,237,738,550,221,8,2012
443,FTTH昨日竣工数合计,8479,876,1122,404,1258,723,731,636,535,329,232,871,547,215,8,2012
444,FTTH昨日竣工数合计,8207,867,1216,402,1211,809,318,679,559,314,176,875,517,264,8,2012
445,FTTH昨日竣工数合计,8420,1091,1171,396,1247,708,856,556,492,272,239,690,503,199,8,2012
446,FTTH昨日竣工数合计,7818,933,1118,320,1159,695,704,435,434,364,231,718,528,179,8,2012
447,FTTH昨日竣工数合计,7591,825,1071,359,1047,720,496,537,466,339,208,783,462,278,8,2012
448,FTTH昨日竣工数合计,7162,725,1047,309,1415,759,492,456,219,300,103,753,406,178,8,2012
449,FTTH昨日竣工数合计,8026,893,891,349,1414,701,473,605,607,330,268,709,490,296,8,2012
450,FTTH昨日竣工数合计,8603,988,1133,408,1308,687,774,634,498,348,239,707,576,303,8,2012
451,FTTH昨日竣工数合计,8885,946,1224,407,1222,684,1007,611,525,330,277,704,591,357,8,2012
452,FTTH昨日竣工数合计,8128,1051,1049,392,1383,430,805,512,455,333,270,621,546,281,8,2012
453,FTTH昨日竣工数合计,7659,979,1116,296,1230,430,937,482,269,236,224,818,448,194,8,2012
454,FTTH昨日竣工数合计,8280,952,1157,433,1242,430,378,603,472,243,240,1220,630,280,8,2012
455,FTTH昨日竣工数合计,8634,925,1244,403,1424,430,383,523,513,237,242,1384,612,314,8,2012
456,FTTH昨日竣工数合计,8117,1146,1236,503,1482,0,421,617,475,255,234,784,635,329,8,2012
457,FTTH昨日竣工数合计,8531,1066,1206,454,1394,0,409,602,527,226,251,1514,599,283,8,2012
460,FTTH昨日竣工数合计,8215,1006,1169,377,1189,0,1287,585,386,225,203,1054,501,233,9,2012
461,FTTH昨日竣工数合计,6575,847,975,298,1115,0,653,532,400,123,95,888,461,188,9,2012
462,FTTH昨日竣工数合计,7698,919,1142,401,1229,159,626,566,494,274,264,800,530,294,9,2012
463,FTTH昨日竣工数合计,9507,995,1403,409,1361,643,422,655,507,288,275,1717,556,276,9,2012
464,FTTH昨日竣工数合计,8675,1020,1251,415,954,339,977,633,509,270,202,1149,610,346,9,2012
465,FTTH昨日竣工数合计,6195,1140,1235,426,239,205,361,433,445,212,112,707,496,184,9,2012
466,FTTH昨日竣工数合计,6383,1082,1246,389,0,212,299,566,370,196,195,1024,517,287,9,2012
467,FTTH昨日竣工数合计,4775,908,828,208,0,98,293,476,341,210,198,617,341,257,9,2012
468,FTTH昨日竣工数合计,6147,926,1160,355,0,93,368,616,477,210,228,933,481,300,9,2012
469,FTTH昨日竣工数合计,8456,1015,1285,414,1133,772,343,760,417,228,229,1117,464,279,9,2012
470,FTTH昨日竣工数合计,7180,890,1141,438,763,512,368,553,450,258,177,698,576,356,9,2012
471,FTTH昨日竣工数合计,7045,960,1204,492,448,352,415,632,589,298,223,603,523,306,9,2012
472,FTTH昨日竣工数合计,6623,968,1199,413,310,173,414,612,502,295,190,683,511,353,9,2012
473,FTTH昨日竣工数合计,6869,976,1408,351,394,234,359,612,526,272,210,714,543,270,9,2012
474,FTTH昨日竣工数合计,6153,948,1251,309,362,232,340,568,429,228,226,586,439,235,9,2012
475,FTTH昨日竣工数合计,7093,894,1232,295,779,507,339,622,456,262,240,687,499,281,9,2012
476,FTTH昨日竣工数合计,7564,1068,1265,379,756,421,384,738,479,230,232,730,590,292,9,2012
477,FTTH昨日竣工数合计,8628,980,1309,511,1241,674,427,715,523,287,210,880,553,318,9,2012
478,FTTH昨日竣工数合计,8751,994,1308,475,1294,865,411,766,584,267,271,727,481,308,9,2012
479,FTTH昨日竣工数合计,8522,980,1255,483,1260,809,385,767,620,231,293,638,480,321,9,2012
480,FTTH昨日竣工数合计,8513,1093,1299,420,1154,784,421,703,577,242,330,678,553,259,9,2012
481,FTTH昨日竣工数合计,7996,1022,1047,380,1310,781,337,753,632,226,213,631,489,175,9,2012
482,FTTH昨日竣工数合计,9227,1062,1373,458,1471,911,433,787,733,222,275,725,503,274,9,2012
483,FTTH昨日竣工数合计,9607,1100,1365,502,1305,932,408,1217,683,207,278,755,521,334,9,2012
484,FTTH昨日竣工数合计,10276,1137,1429,519,1458,865,413,1398,822,278,256,815,528,358,9,2012
485,FTTH昨日竣工数合计,10365,1150,1417,576,1626,1003,483,964,840,311,274,798,583,340,9,2012
486,FTTH昨日竣工数合计,10322,1098,1412,581,1596,1010,456,1030,902,324,305,773,506,329,9,2012
487,FTTH昨日竣工数合计,10434,1056,1430,558,1421,931,597,1341,977,296,242,783,504,298,9,2012
490,FTTH昨日竣工数合计,4898,638,736,222,636,421,255,400,351,189,109,496,211,234,10,2012
491,FTTH昨日竣工数合计,5537,686,901,282,743,428,266,517,343,214,150,558,225,224,10,2012
492,FTTH昨日竣工数合计,6245,807,995,315,904,464,264,520,438,203,135,679,285,236,10,2012
493,FTTH昨日竣工数合计,6552,782,1016,331,936,538,301,597,470,241,159,595,369,217,10,2012
494,FTTH昨日竣工数合计,6380,759,973,283,886,544,295,568,466,272,157,661,293,223,10,2012
495,FTTH昨日竣工数合计,6594,952,1168,329,982,533,296,447,421,219,164,625,280,178,10,2012
496,FTTH昨日竣工数合计,7601,1053,1238,426,1186,592,359,513,418,288,160,718,330,320,10,2012
497,FTTH昨日竣工数合计,8159,1044,1327,459,1190,630,390,739,544,286,158,710,399,283,10,2012
498,FTTH昨日竣工数合计,8452,1078,1347,518,1225,726,448,774,474,297,172,671,411,311,10,2012
499,FTTH昨日竣工数合计,8279,1124,1161,507,1149,747,389,749,567,289,196,708,433,260,10,2012
500,FTTH昨日竣工数合计,8067,986,1287,462,1202,702,409,680,532,260,212,632,369,334,10,2012
501,FTTH昨日竣工数合计,7703,1006,1319,362,1202,744,403,575,434,292,185,549,348,284,10,2012
502,FTTH昨日竣工数合计,7367,1149,1166,362,1142,709,338,525,489,255,186,536,297,213,10,2012
503,FTTH昨日竣工数合计,7562,1018,1157,396,1178,674,401,575,492,260,163,614,362,272,10,2012
504,FTTH昨日竣工数合计,7549,846,1284,383,1215,629,323,645,493,289,183,625,360,274,10,2012
505,FTTH昨日竣工数合计,8009,1019,1087,451,1245,715,397,643,615,310,204,672,371,280,10,2012
506,FTTH昨日竣工数合计,8221,1071,1416,471,1247,631,414,647,557,236,183,656,403,289,10,2012
507,FTTH昨日竣工数合计,8113,1017,1288,448,1276,699,347,655,495,303,187,660,431,307,10,2012
508,FTTH昨日竣工数合计,7571,1093,1256,396,1270,559,356,532,420,271,169,628,337,284,10,2012
509,FTTH昨日竣工数合计,7086,1111,1089,373,1217,601,265,442,457,267,132,561,341,230,10,2012
510,FTTH昨日竣工数合计,6475,982,824,366,987,428,361,524,461,206,174,600,310,252,10,2012
511,FTTH昨日竣工数合计,8016,1012,1231,420,1446,619,396,564,505,269,187,698,402,267,10,2012
512,FTTH昨日竣工数合计,8169,977,1142,446,1428,631,384,692,632,221,179,663,448,326,10,2012
513,FTTH昨日竣工数合计,7592,993,1071,459,1255,581,398,581,546,277,197,604,361,269,10,2012
514,FTTH昨日竣工数合计,7574,940,1070,427,1353,573,327,659,491,247,205,714,316,252,10,2012
515,FTTH昨日竣工数合计,7662,1048,1089,440,1428,510,341,490,545,280,166,659,395,271,10,2012
516,FTTH昨日竣工数合计,7219,1132,1033,361,1353,538,315,486,476,221,142,647,304,211,10,2012
517,FTTH昨日竣工数合计,7876,1001,1070,368,1367,536,311,859,582,289,148,670,409,266,10,2012
518,FTTH昨日竣工数合计,8455,1071,1061,466,1376,558,361,649,688,301,205,792,629,298,10,2012
521,FTTH昨日竣工数合计,7870,988,997,422,1436,504,376,702,534,273,170,724,404,340,11,2012
522,FTTH昨日竣工数合计,7830,1179,1069,419,1366,537,342,657,436,277,175,773,349,251,11,2012
523,FTTH昨日竣工数合计,5871,941,966,271,1292,342,284,472,462,198,152,239,44,208,11,2012
524,FTTH昨日竣工数合计,7140,1051,973,396,1192,460,328,585,473,228,176,728,294,256,11,2012
525,FTTH昨日竣工数合计,7415,1033,1030,444,1290,462,372,509,620,252,178,641,348,236,11,2012
526,FTTH昨日竣工数合计,7739,1079,1066,459,1214,520,330,588,648,228,180,690,420,317,11,2012
527,FTTH昨日竣工数合计,7212,968,953,425,1175,476,319,606,538,271,173,653,373,282,11,2012
528,FTTH昨日竣工数合计,6380,852,747,321,1081,403,329,611,612,209,179,492,275,269,11,2012
529,FTTH昨日竣工数合计,5875,1052,969,292,1268,366,248,264,245,155,107,511,250,148,11,2012
530,FTTH昨日竣工数合计,6772,1143,971,344,1094,430,267,476,445,219,164,612,380,227,11,2012
531,FTTH昨日竣工数合计,7304,1040,1057,398,1190,481,310,498,516,207,218,738,368,283,11,2012
532,FTTH昨日竣工数合计,7879,1025,1156,415,1316,557,374,633,565,259,216,655,404,304,11,2012
533,FTTH昨日竣工数合计,7884,973,1211,429,1327,517,376,677,597,220,231,659,410,257,11,2012
534,FTTH昨日竣工数合计,7982,1049,1196,428,1343,597,357,686,546,224,212,687,385,272,11,2012
535,FTTH昨日竣工数合计,6351,942,853,339,1072,317,276,527,561,199,187,554,310,214,11,2012
536,FTTH昨日竣工数合计,7897,1031,1257,375,1459,532,298,586,637,268,222,600,354,278,11,2012
537,FTTH昨日竣工数合计,6854,1046,1023,330,1174,475,280,502,538,188,199,529,328,242,11,2012
538,FTTH昨日竣工数合计,7618,1099,1153,391,1246,596,294,563,566,202,194,653,378,283,11,2012
539,FTTH昨日竣工数合计,7987,1077,1183,401,1423,549,321,615,643,219,200,701,366,289,11,2012
540,FTTH昨日竣工数合计,5741,951,755,266,896,313,203,401,638,177,175,556,200,210,11,2012
541,FTTH昨日竣工数合计,7087,945,950,343,1234,514,224,545,589,268,214,600,323,338,11,2012
542,FTTH昨日竣工数合计,6969,994,915,374,1131,417,318,552,581,298,193,620,287,289,11,2012
543,FTTH昨日竣工数合计,7924,1171,1227,395,1398,566,325,476,572,293,202,706,320,273,11,2012
544,FTTH昨日竣工数合计,5275,943,781,239,1051,418,198,309,370,125,129,440,160,112,11,2012
545,FTTH昨日竣工数合计,7483,1021,1196,391,1268,519,334,588,543,205,185,684,286,263,11,2012
546,FTTH昨日竣工数合计,8248,1057,1117,433,1434,550,336,814,732,238,207,798,299,233,11,2012
547,FTTH昨日竣工数合计,8947,1109,1283,489,1618,745,383,757,591,265,225,854,326,302,11,2012
548,FTTH昨日竣工数合计,9252,1226,1306,495,1553,772,376,860,583,277,235,954,390,225,11,2012
551,FTTH昨日竣工数合计,7078,1009,1002,339,1275,456,312,554,504,216,239,613,381,178,12,2012
552,FTTH昨日竣工数合计,7753,1135,1077,375,1375,504,377,565,496,242,219,785,355,248,12,2012
553,FTTH昨日竣工数合计,8503,1161,1132,442,1489,540,395,735,546,280,246,785,462,290,12,2012
554,FTTH昨日竣工数合计,8527,1146,1180,469,1545,552,408,571,546,264,250,746,566,284,12,2012
555,FTTH昨日竣工数合计,8305,1051,1267,456,1466,569,393,557,526,311,226,734,509,240,12,2012
556,FTTH昨日竣工数合计,8165,1005,1252,460,1352,494,405,631,582,308,213,743,446,274,12,2012
557,FTTH昨日竣工数合计,7954,1075,1192,464,1383,524,374,556,555,256,217,659,476,223,12,2012
558,FTTH昨日竣工数合计,7047,1077,1047,349,1176,468,292,485,512,186,188,507,578,182,12,2012
559,FTTH昨日竣工数合计,7400,989,1119,376,1155,599,316,659,475,222,193,634,379,284,12,2012
560,FTTH昨日竣工数合计,8038,1004,1288,409,1388,582,411,551,590,196,214,666,484,255,12,2012
561,FTTH昨日竣工数合计,8317,967,1278,478,1437,594,397,584,607,248,245,695,497,290,12,2012
562,FTTH昨日竣工数合计,8020,1032,1212,442,1454,639,415,626,393,248,195,678,488,198,12,2012
563,FTTH昨日竣工数合计,7561,1016,1191,410,1216,552,362,570,450,249,184,633,468,260,12,2012
564,FTTH昨日竣工数合计,7262,1072,1059,314,1387,512,341,543,547,233,198,545,277,234,12,2012
565,FTTH昨日竣工数合计,6957,1187,897,344,1123,517,335,618,462,207,205,564,316,182,12,2012
566,FTTH昨日竣工数合计,8040,1092,1189,385,1221,646,376,568,474,239,210,647,743,250,12,2012
567,FTTH昨日竣工数合计,8594,1276,1292,396,1444,668,415,512,535,296,210,714,533,303,12,2012
568,FTTH昨日竣工数合计,8777,1183,1200,518,1454,653,402,567,547,241,230,724,734,324,12,2012
569,FTTH昨日竣工数合计,8461,1046,1099,441,1351,648,418,564,593,285,218,677,819,302,12,2012
570,FTTH昨日竣工数合计,7556,1069,1069,328,1284,605,282,539,535,174,186,604,715,166,12,2012
571,FTTH昨日竣工数合计,8636,1241,1237,372,1592,592,379,580,486,302,239,626,766,224,12,2012
572,FTTH昨日竣工数合计,8092,1239,1125,346,1424,615,316,447,597,284,260,558,716,165,12,2012
573,FTTH昨日竣工数合计,8572,1220,1124,399,1402,532,383,750,556,267,234,695,732,278,12,2012
574,FTTH昨日竣工数合计,9044,1278,1197,466,1625,760,437,661,643,329,220,742,390,296,12,2012
575,FTTH昨日竣工数合计,8411,1079,897,411,1331,633,350,547,799,300,210,606,895,353,12,2012
576,FTTH昨日竣工数合计,7446,1236,956,355,1326,426,288,629,572,243,215,480,535,185,12,2012
577,FTTH昨日竣工数合计,9061,1263,1210,461,1617,522,377,546,676,309,215,691,823,351,12,2012
578,FTTH昨日竣工数合计,6641,1082,919,281,1462,400,255,458,472,206,116,468,392,130,12,2012
579,FTTH昨日竣工数合计,8551,1331,1223,421,1546,518,368,514,766,350,227,630,428,229,12,2012
582,FTTH昨日竣工数合计,7511,1143,986,351,1313,544,372,548,487,322,219,638,287,301,1,2013
583,FTTH昨日竣工数合计,7783,1308,1043,339,1266,460,408,585,568,313,235,696,313,249,1,2013
584,FTTH昨日竣工数合计,8519,1269,1144,410,1442,494,483,704,599,289,220,769,366,330,1,2013
585,FTTH昨日竣工数合计,9010,1376,1098,494,1566,520,471,653,540,350,317,849,409,367,1,2013
586,FTTH昨日竣工数合计,8626,1271,1012,498,1542,550,462,644,616,325,217,770,384,335,1,2013
587,FTTH昨日竣工数合计,9471,1273,1202,561,1515,481,509,850,668,384,394,884,365,385,1,2013
588,FTTH昨日竣工数合计,9358,1312,1274,499,1454,448,479,857,769,358,327,753,442,386,1,2013
589,FTTH昨日竣工数合计,9000,1251,1123,494,1429,497,436,1042,591,337,305,847,297,351,1,2013
590,FTTH昨日竣工数合计,8140,1061,467,503,1426,483,459,845,615,356,387,758,393,387,1,2013
591,FTTH昨日竣工数合计,7998,1216,135,553,1477,421,452,745,702,341,335,843,358,420,1,2013
592,FTTH昨日竣工数合计,7570,1304,19,432,1566,441,429,621,623,353,309,783,339,351,1,2013
593,FTTH昨日竣工数合计,6667,1333,73,356,1228,351,371,619,528,275,256,643,351,283,1,2013
594,FTTH昨日竣工数合计,7842,1208,579,497,1425,421,463,680,654,280,253,775,306,301,1,2013
595,FTTH昨日竣工数合计,8998,1311,906,477,1523,438,431,832,688,335,307,984,346,420,1,2013
596,FTTH昨日竣工数合计,8444,1230,881,537,1419,441,477,740,695,352,315,624,365,368,1,2013
597,FTTH昨日竣工数合计,7859,1249,887,546,1481,464,497,689,640,303,339,30,371,363,1,2013
598,FTTH昨日竣工数合计,8273,1324,880,566,1507,460,480,861,736,329,288,31,401,410,1,2013
599,FTTH昨日竣工数合计,8351,1421,891,495,1685,462,500,639,629,362,309,128,454,376,1,2013
600,FTTH昨日竣工数合计,7911,1377,794,426,1537,444,408,584,566,338,233,499,396,309,1,2013
601,FTTH昨日竣工数合计,7715,1197,767,407,1318,333,480,570,601,297,249,745,348,403,1,2013
602,FTTH昨日竣工数合计,8979,1356,887,539,1544,509,507,708,674,375,272,797,418,393,1,2013
603,FTTH昨日竣工数合计,9454,1338,931,582,1592,519,583,786,687,402,246,927,448,413,1,2013
604,FTTH昨日竣工数合计,9593,1334,955,598,1534,510,589,770,739,397,331,903,540,393,1,2013
605,FTTH昨日竣工数合计,9479,1218,861,630,1469,504,594,851,809,386,323,824,509,501,1,2013
606,FTTH昨日竣工数合计,10060,1611,886,537,1849,544,552,864,736,405,325,814,491,446,1,2013
607,FTTH昨日竣工数合计,9187,1548,805,505,1682,514,517,749,599,402,275,789,447,355,1,2013
608,FTTH昨日竣工数合计,9512,1380,824,569,1540,591,601,833,678,468,325,867,432,404,1,2013
609,FTTH昨日竣工数合计,10493,1553,1079,625,1594,604,658,871,793,521,391,897,521,386,1,2013
610,FTTH昨日竣工数合计,11062,1570,1040,673,1920,688,602,1116,730,501,310,904,497,511,1,2013
613,FTTH昨日竣工数合计,10065,1429,970,551,1734,555,615,863,631,433,317,921,475,571,2,2013
614,FTTH昨日竣工数合计,9089,1508,786,504,1539,573,574,820,496,345,228,926,391,399,2,2013
615,FTTH昨日竣工数合计,9247,1424,837,589,1320,550,516,865,653,408,310,927,362,486,2,2013
616,FTTH昨日竣工数合计,8405,1266,679,607,1197,578,474,896,560,452,244,680,337,435,2,2013
617,FTTH昨日竣工数合计,10051,1307,774,557,1493,574,593,1055,865,537,330,888,481,597,2,2013
618,FTTH昨日竣工数合计,8759,1022,607,531,1110,583,533,1091,717,480,317,871,343,554,2,2013
619,FTTH昨日竣工数合计,6310,720,370,379,756,383,345,672,823,350,202,684,231,395,2,2013
620,FTTH昨日竣工数合计,1714,164,77,98,163,152,86,215,212,69,35,292,63,88,2,2013
621,FTTH昨日竣工数合计,178,39,6,7,19,14,2,2,32,4,1,35,4,13,2,2013
622,FTTH昨日竣工数合计,219,48,9,13,38,18,3,11,33,4,6,25,0,11,2,2013
623,FTTH昨日竣工数合计,455,65,19,8,130,21,5,15,120,7,14,24,4,23,2,2013
624,FTTH昨日竣工数合计,894,89,57,4,292,42,12,25,197,15,25,71,9,56,2,2013
625,FTTH昨日竣工数合计,1159,151,62,13,265,97,34,57,229,22,37,70,19,103,2,2013
626,FTTH昨日竣工数合计,2125,212,141,20,460,133,57,367,317,67,74,149,26,102,2,2013
627,FTTH昨日竣工数合计,3960,521,316,60,855,212,126,405,457,161,151,377,59,260,2,2013
628,FTTH昨日竣工数合计,5713,871,510,155,1347,304,228,486,507,228,196,519,104,258,2,2013
629,FTTH昨日竣工数合计,5772,821,442,146,1070,276,218,645,543,272,206,691,113,329,2,2013
630,FTTH昨日竣工数合计,6071,785,468,136,1134,287,182,631,585,294,224,923,103,319,2,2013
631,FTTH昨日竣工数合计,8625,1145,696,298,1629,357,369,708,614,352,246,1687,174,350,2,2013
632,FTTH昨日竣工数合计,8570,1240,793,328,1983,476,377,607,549,340,241,1060,205,371,2,2013
633,FTTH昨日竣工数合计,8740,1230,857,361,2182,398,428,653,580,292,250,890,237,382,2,2013
634,FTTH昨日竣工数合计,8695,1347,883,367,2191,384,418,499,586,371,207,837,251,354,2,2013
635,FTTH昨日竣工数合计,7816,1201,764,329,2203,299,351,504,448,288,187,814,199,229,2,2013
636,FTTH昨日竣工数合计,9005,1360,847,445,2098,448,404,631,543,330,249,1075,243,332,2,2013
637,FTTH昨日竣工数合计,8907,1289,881,403,2144,498,437,589,606,349,270,827,238,376,2,2013
638,FTTH昨日竣工数合计,10105,1447,938,544,2474,596,454,674,613,335,282,1088,309,351,2,2013
641,FTTH昨日竣工数合计,9673,1528,947,425,2512,398,389,572,588,320,275,1027,354,338,3,2013
642,FTTH昨日竣工数合计,8629,1449,832,333,2519,358,363,485,524,234,209,824,261,238,3,2013
643,FTTH昨日竣工数合计,9092,1449,844,448,2347,372,385,547,560,248,252,1015,290,335,3,2013
644,FTTH昨日竣工数合计,9908,1558,925,494,2626,368,448,612,567,316,261,1077,314,342,3,2013
645,FTTH昨日竣工数合计,9608,1526,890,466,2444,357,504,589,588,298,246,978,333,389,3,2013
646,FTTH昨日竣工数合计,9467,1418,940,460,2358,350,493,598,602,269,262,989,363,365,3,2013
647,FTTH昨日竣工数合计,9116,1367,840,499,2246,326,474,524,672,283,242,1001,320,322,3,2013
648,FTTH昨日竣工数合计,8849,1470,836,517,2317,315,481,544,517,244,231,784,310,283,3,2013
649,FTTH昨日竣工数合计,7470,1390,673,324,2078,270,352,464,410,173,193,688,284,171,3,2013
650,FTTH昨日竣工数合计,8120,1345,681,394,2014,277,420,573,521,257,225,864,264,285,3,2013
651,FTTH昨日竣工数合计,8693,1431,869,467,2281,325,489,628,402,276,151,816,336,222,3,2013
652,FTTH昨日竣工数合计,8364,1292,820,492,1907,307,471,548,580,232,275,754,284,402,3,2013
653,FTTH昨日竣工数合计,8494,1365,849,414,1901,305,486,574,579,260,279,819,302,361,3,2013
654,FTTH昨日竣工数合计,7963,1355,729,387,1948,312,448,491,506,258,250,604,367,308,3,2013
655,FTTH昨日竣工数合计,5533,1096,508,284,1654,259,248,258,371,107,76,360,226,86,3,2013
656,FTTH昨日竣工数合计,8077,1321,744,453,1790,310,441,550,579,265,247,710,313,354,3,2013
657,FTTH昨日竣工数合计,8252,1417,741,527,1713,289,498,586,620,262,296,676,325,302,3,2013
658,FTTH昨日竣工数合计,8124,1334,765,466,1718,307,473,561,623,262,275,649,312,379,3,2013
659,FTTH昨日竣工数合计,8636,1352,810,435,1935,336,549,540,676,315,241,772,356,319,3,2013
660,FTTH昨日竣工数合计,8432,1253,864,444,1777,333,554,574,672,284,231,734,305,407,3,2013
661,FTTH昨日竣工数合计,8331,1446,766,452,1883,299,446,508,571,231,272,741,389,327,3,2013
662,FTTH昨日竣工数合计,6804,1393,591,299,1467,266,415,465,484,209,240,482,299,194,3,2013
663,FTTH昨日竣工数合计,8773,1463,884,430,1837,314,655,639,583,243,264,805,346,310,3,2013
664,FTTH昨日竣工数合计,8426,1394,857,448,1834,357,467,508,614,286,302,717,349,293,3,2013
665,FTTH昨日竣工数合计,8727,1417,814,494,1790,357,497,620,648,281,326,751,362,370,3,2013
666,FTTH昨日竣工数合计,8642,1399,756,470,1782,363,479,585,682,315,315,741,413,342,3,2013
667,FTTH昨日竣工数合计,8822,1326,910,524,1770,424,482,658,645,301,266,766,419,331,3,2013
670,FTTH昨日竣工数合计,8628,1544,789,410,1865,326,468,609,590,262,293,818,350,304,4,2013
671,FTTH昨日竣工数合计,8674,1449,920,523,1732,314,454,461,621,282,458,804,355,301,4,2013
672,FTTH昨日竣工数合计,6101,1033,831,230,1365,169,149,451,592,164,231,476,202,208,4,2013
673,FTTH昨日竣工数合计,5857,1100,569,300,1169,150,259,313,516,208,247,548,253,225,4,2013
674,FTTH昨日竣工数合计,6118,1221,520,286,1313,219,306,382,472,156,262,530,264,187,4,2013
675,FTTH昨日竣工数合计,7176,1345,631,401,1382,256,433,488,498,242,223,703,319,255,4,2013
676,FTTH昨日竣工数合计,7803,1377,722,436,1473,268,461,516,595,255,305,802,272,321,4,2013
677,FTTH昨日竣工数合计,7735,1367,632,465,1365,309,455,598,567,282,290,775,337,293,4,2013
678,FTTH昨日竣工数合计,7751,1491,769,436,1187,311,462,643,628,232,285,705,311,291,4,2013
679,FTTH昨日竣工数合计,7424,1257,671,482,1146,299,461,598,610,291,322,722,276,289,4,2013
680,FTTH昨日竣工数合计,6659,595,722,426,1143,273,426,533,609,301,324,648,329,330,4,2013
681,FTTH昨日竣工数合计,5676,73,703,135,1304,222,418,472,645,216,299,648,280,261,4,2013
682,FTTH昨日竣工数合计,4699,5,576,42,1060,244,409,415,504,172,239,591,260,182,4,2013
683,FTTH昨日竣工数合计,5243,284,592,185,1075,256,367,468,512,194,204,671,245,190,4,2013
684,FTTH昨日竣工数合计,7167,1042,836,361,1264,276,410,508,648,280,248,762,275,257,4,2013
685,FTTH昨日竣工数合计,7646,1360,812,382,1240,276,451,550,640,277,265,693,345,355,4,2013
686,FTTH昨日竣工数合计,7274,1342,712,414,1117,252,424,473,691,224,288,677,328,332,4,2013
687,FTTH昨日竣工数合计,6821,1244,704,364,1166,276,405,512,681,27,182,610,306,344,4,2013
688,FTTH昨日竣工数合计,6047,1226,675,397,1051,220,365,425,597,2,14,546,259,270,4,2013
689,FTTH昨日竣工数合计,5443,1041,510,293,984,248,374,370,559,88,40,470,275,191,4,2013
690,FTTH昨日竣工数合计,6549,978,683,363,1095,284,410,554,632,150,177,680,261,282,4,2013
691,FTTH昨日竣工数合计,7301,1222,725,408,1340,287,393,580,648,241,238,645,263,311,4,2013
692,FTTH昨日竣工数合计,7835,1169,844,364,1327,324,502,672,703,307,328,647,339,309,4,2013
693,FTTH昨日竣工数合计,7541,1232,769,448,1263,345,456,579,703,246,248,637,306,309,1,2013
694,FTTH昨日竣工数合计,8066,1262,777,434,1344,345,434,898,634,259,307,700,327,345,4,2013
695,FTTH昨日竣工数合计,8441,1306,803,452,1448,307,479,932,728,264,356,635,431,300,4,2013
696,FTTH昨日竣工数合计,8382,1335,974,522,1465,388,527,594,665,272,267,703,362,308,4,2013
697,FTTH昨日竣工数合计,8303,1367,837,502,1429,378,465,633,755,331,233,778,360,235,5,2013
700,FTTH昨日竣工数合计,7798,1267,835,408,1310,295,407,502,718,250,264,873,323,346,5,2013
701,FTTH昨日竣工数合计,8796,1302,906,520,1506,349,516,543,979,253,237,954,368,363,5,2013
702,FTTH昨日竣工数合计,9051,1491,959,581,1574,296,531,565,748,253,271,955,405,422,5,2013
703,FTTH昨日竣工数合计,7654,1465,811,485,1305,271,443,476,595,221,288,741,260,293,5,2013
704,FTTH昨日竣工数合计,6650,1135,652,473,1004,293,141,535,658,206,283,643,276,351,5,2013
705,FTTH昨日竣工数合计,7340,1303,831,513,1407,297,1,538,594,292,301,806,80,377,5,2013
706,FTTH昨日竣工数合计,4912,1008,602,357,1063,244,20,371,230,180,168,469,39,161,5,2013
707,FTTH昨日竣工数合计,5595,816,622,334,1101,218,114,410,545,226,284,502,150,273,5,2013
708,FTTH昨日竣工数合计,7370,1160,805,414,1325,310,398,499,610,247,291,822,237,252,5,2013
709,FTTH昨日竣工数合计,7701,1231,908,431,1327,293,442,482,732,288,253,810,290,214,5,2013
710,FTTH昨日竣工数合计,6472,1256,709,355,1186,234,402,487,399,245,214,609,209,167,5,2013
711,FTTH昨日竣工数合计,6782,1177,693,431,1149,252,445,516,281,233,276,861,258,210,5,2013
712,FTTH昨日竣工数合计,7308,1170,743,445,1334,295,436,545,495,271,306,765,219,284,5,2013
713,FTTH昨日竣工数合计,7714,1171,743,485,1281,331,561,688,564,264,283,771,250,322,5,2013
714,FTTH昨日竣工数合计,5649,824,519,320,926,210,320,567,382,294,298,473,204,312,5,2013
715,FTTH昨日竣工数合计,5523,1125,655,316,1000,258,309,377,100,210,202,584,238,149,5,2013
716,FTTH昨日竣工数合计,4893,1191,641,299,1064,205,292,133,57,182,113,513,199,4,5,2013
717,FTTH昨日竣工数合计,5692,1261,751,307,1176,253,384,34,27,239,260,724,223,53,5,2013
718,FTTH昨日竣工数合计,6248,1069,785,427,1155,251,441,201,285,217,257,832,209,119,5,2013
719,FTTH昨日竣工数合计,7237,1227,738,452,1280,324,490,320,553,292,302,773,226,260,5,2013
720,FTTH昨日竣工数合计,7374,1144,753,457,1294,350,463,334,709,252,267,762,260,329,5,2013
721,FTTH昨日竣工数合计,7299,1056,793,497,1212,244,489,437,624,273,293,832,236,313,5,2013
722,FTTH昨日竣工数合计,6723,1044,729,468,1109,271,459,374,532,206,272,722,233,304,5,2013
723,FTTH昨日竣工数合计,6660,1122,753,378,1240,280,406,333,539,322,242,592,189,264,5,2013
724,FTTH昨日竣工数合计,4558,977,680,252,1025,210,276,154,103,126,58,495,145,57,5,2013
725,FTTH昨日竣工数合计,5959,1178,646,374,1056,240,352,286,438,237,125,650,170,207,5,2013
726,FTTH昨日竣工数合计,7428,1224,804,466,1363,285,497,317,590,340,283,736,210,313,5,2013
727,FTTH昨日竣工数合计,7672,1191,828,474,1362,326,470,402,660,345,293,758,259,304,5,2013
728,FTTH昨日竣工数合计,6592,1030,595,358,1001,293,411,435,718,370,301,532,180,368,5,2013
731,FTTH昨日竣工数合计,6938,1286,665,378,1312,255,408,355,624,234,271,676,250,224,6,2013
732,FTTH昨日竣工数合计,7019,1077,676,441,1269,270,522,341,642,225,278,748,198,332,6,2013
733,FTTH昨日竣工数合计,7769,1198,723,418,1578,286,541,395,723,320,314,757,201,315,6,2013
734,FTTH昨日竣工数合计,7628,1137,763,476,1339,321,474,400,773,258,336,740,302,309,6,2013
735,FTTH昨日竣工数合计,6937,1054,742,360,1284,289,463,359,704,262,282,618,212,308,6,2013
736,FTTH昨日竣工数合计,4559,690,334,210,633,177,250,402,678,199,289,261,110,326,6,2013
737,FTTH昨日竣工数合计,6146,1016,621,248,1165,150,339,305,666,219,317,462,262,376,6,2013
738,FTTH昨日竣工数合计,6462,1044,722,342,1183,258,374,294,618,254,311,549,241,272,6,2013
739,FTTH昨日竣工数合计,6743,1031,762,413,1236,266,451,412,567,220,314,562,223,286,6,2013
740,FTTH昨日竣工数合计,5881,862,715,294,1142,297,355,351,417,211,236,607,202,192,6,2013
741,FTTH昨日竣工数合计,5084,850,608,220,1053,254,279,279,501,141,133,478,179,109,6,2013
742,FTTH昨日竣工数合计,6736,957,769,330,1198,318,456,352,541,207,295,774,228,311,6,2013
743,FTTH昨日竣工数合计,7279,1035,799,441,1452,339,484,341,592,222,253,757,238,326,6,2013
744,FTTH昨日竣工数合计,7311,1283,764,419,1404,310,525,389,532,211,247,715,232,280,6,2013
745,FTTH昨日竣工数合计,6337,1127,548,419,1187,310,449,295,524,151,289,563,232,243,6,2013
746,FTTH昨日竣工数合计,6120,1030,618,389,1165,264,390,330,520,168,189,565,196,296,6,2013
747,FTTH昨日竣工数合计,6639,1081,716,437,1270,306,402,316,587,207,287,549,226,255,6,2013
748,FTTH昨日竣工数合计,6724,1071,689,392,1202,277,460,356,620,281,267,609,257,243,6,2013
749,FTTH昨日竣工数合计,7061,1006,696,468,1297,310,468,423,699,236,313,624,250,271,6,2013
750,FTTH昨日竣工数合计,7149,1051,705,467,1284,345,475,477,647,261,283,552,295,307,6,2013
751,FTTH昨日竣工数合计,7558,1175,752,456,1410,311,516,444,731,270,291,644,260,298,6,2013
752,FTTH昨日竣工数合计,5594,920,545,290,1310,216,288,343,560,217,150,390,147,218,6,2013
753,FTTH昨日竣工数合计,6706,1055,655,398,1163,319,428,380,726,225,253,618,221,265,6,2013
754,FTTH昨日竣工数合计,5116,611,616,296,1339,216,180,220,554,154,191,501,90,148,6,2013
755,FTTH昨日竣工数合计,7923,1187,829,474,1405,383,524,406,788,251,355,704,283,334,6,2013
756,FTTH昨日竣工数合计,7408,1176,703,529,1073,370,486,443,846,274,277,650,251,330,6,2013
757,FTTH昨日竣工数合计,8551,1353,860,578,1550,436,532,419,856,320,294,732,286,335,6,2013
758,FTTH昨日竣工数合计,9258,1538,925,576,1742,485,509,390,797,528,197,829,398,344,6,2013
761,FTTH昨日竣工数合计,8642,1573,954,523,1587,408,568,445,628,244,273,869,217,353,7,2013
762,FTTH昨日竣工数合计,8367,1331,942,599,1507,407,541,447,512,265,345,845,277,349,7,2013
763,FTTH昨日竣工数合计,8473,1307,906,648,1461,399,529,437,708,327,250,817,278,406,7,2013
764,FTTH昨日竣工数合计,7082,930,678,432,1388,341,310,411,769,280,299,631,190,423,7,2013
765,FTTH昨日竣工数合计,7416,1218,626,392,1301,340,467,462,849,291,326,547,221,376,7,2013
766,FTTH昨日竣工数合计,7187,1307,717,429,1309,345,410,297,742,170,251,654,277,279,7,2013
767,FTTH昨日竣工数合计,7675,1303,745,578,1290,344,413,382,656,266,319,784,257,338,7,2013
768,FTTH昨日竣工数合计,7970,1239,832,532,1393,422,477,452,722,286,280,738,279,318,7,2013
769,FTTH昨日竣工数合计,7989,1197,767,474,1362,439,561,424,767,264,307,771,303,353,7,2013
770,FTTH昨日竣工数合计,7929,1182,721,531,1385,395,549,429,773,247,330,750,278,359,7,2013
771,FTTH昨日竣工数合计,7978,1220,732,512,1355,438,523,448,761,271,340,755,273,350,7,2013
772,FTTH昨日竣工数合计,7826,1329,749,474,1322,337,526,382,771,326,310,714,276,310,7,2013
773,FTTH昨日竣工数合计,6805,1257,584,416,1230,289,433,369,679,223,261,596,247,221,7,2013
774,FTTH昨日竣工数合计,7203,1227,674,450,1179,326,547,431,686,251,257,664,235,276,7,2013
775,FTTH昨日竣工数合计,7872,1258,802,562,1315,418,561,394,763,281,240,736,253,289,7,2013
776,FTTH昨日竣工数合计,7662,1176,740,547,1277,406,556,403,815,260,249,676,245,312,7,2013
777,FTTH昨日竣工数合计,7473,1055,715,523,1282,326,509,440,883,230,274,702,249,285,7,2013
778,FTTH昨日竣工数合计,7075,1129,691,488,1194,342,521,388,635,247,291,653,248,248,7,2013
779,FTTH昨日竣工数合计,6765,1130,600,456,1216,294,424,335,737,253,255,585,244,236,7,2013
780,FTTH昨日竣工数合计,5833,1141,506,335,1171,291,258,244,741,122,172,412,223,217,7,2013
781,FTTH昨日竣工数合计,6821,1259,686,385,1049,325,512,330,668,206,240,634,221,306,7,2013
782,FTTH昨日竣工数合计,7625,1342,719,467,1260,334,545,342,871,275,306,608,238,318,7,2013
783,FTTH昨日竣工数合计,7560,1355,684,424,1201,325,541,416,826,269,288,684,212,335,7,2013
784,FTTH昨日竣工数合计,7050,1159,660,448,1098,360,514,347,745,209,347,618,212,333,7,2013
785,FTTH昨日竣工数合计,7102,1046,666,453,1162,326,513,370,788,275,349,598,207,349,7,2013
786,FTTH昨日竣工数合计,7625,1240,696,409,1416,351,531,404,771,292,268,680,244,323,7,2013
787,FTTH昨日竣工数合计,6737,1288,587,395,1165,327,468,336,743,242,228,508,233,217,7,2013
788,FTTH昨日竣工数合计,7078,1252,688,426,1155,317,496,339,741,234,229,679,230,292,7,2013
789,FTTH昨日竣工数合计,8177,1232,744,506,1446,398,587,584,835,288,335,718,217,287,7,2013
792,FTTH昨日竣工数合计,7322,1175,763,491,1241,326,490,386,652,253,312,703,248,282,8,2013
793,FTTH昨日竣工数合计,7616,1254,692,504,1406,311,520,399,822,250,280,692,228,258,8,2013
794,FTTH昨日竣工数合计,6514,1138,581,384,1174,284,446,316,744,191,260,515,192,289,8,2013
795,FTTH昨日竣工数合计,6831,1105,661,429,1063,300,457,324,772,245,325,671,191,288,8,2013
796,FTTH昨日竣工数合计,7169,959,728,424,1266,316,559,399,769,261,326,672,184,306,8,2013
797,FTTH昨日竣工数合计,6981,1090,653,435,1206,301,479,368,761,228,303,627,208,322,8,2013
798,FTTH昨日竣工数合计,6801,936,665,443,1158,315,468,408,848,221,281,584,160,314,8,2013
799,FTTH昨日竣工数合计,6614,899,624,431,1055,285,409,380,793,207,343,613,215,360,8,2013
800,FTTH昨日竣工数合计,6644,1102,627,357,1271,285,423,383,687,199,270,531,191,318,8,2013
801,FTTH昨日竣工数合计,5495,941,510,271,1122,243,343,260,625,155,232,428,191,174,8,2013
802,FTTH昨日竣工数合计,6216,886,590,329,1107,246,408,358,750,234,263,566,201,278,8,2013
803,FTTH昨日竣工数合计,6618,990,617,417,1227,337,422,402,737,197,280,583,157,252,8,2013
804,FTTH昨日竣工数合计,6594,942,614,407,1297,281,400,335,712,262,299,586,195,264,8,2013
805,FTTH昨日竣工数合计,6485,965,601,427,1205,294,420,350,711,243,269,520,208,272,8,2013
806,FTTH昨日竣工数合计,6889,1004,706,404,1222,286,370,383,791,233,283,618,257,332,8,2013
807,FTTH昨日竣工数合计,6739,1074,677,385,1297,261,397,354,810,236,256,521,191,280,8,2013
808,FTTH昨日竣工数合计,5904,1037,514,343,1100,236,350,307,753,180,235,484,192,173,8,2013
809,FTTH昨日竣工数合计,7016,1056,584,401,1232,322,387,649,776,194,268,675,162,310,8,2013
810,FTTH昨日竣工数合计,8143,1094,760,493,1379,360,416,910,855,187,285,858,206,340,8,2013
811,FTTH昨日竣工数合计,7753,1089,702,344,1394,334,383,816,868,207,300,822,177,317,8,2013
812,FTTH昨日竣工数合计,8051,1074,713,485,1321,340,531,891,823,275,286,829,187,296,8,2013
813,FTTH昨日竣工数合计,7935,1107,696,485,1348,370,618,893,710,225,226,802,209,246,8,2013
814,FTTH昨日竣工数合计,7367,1135,671,430,1427,355,496,669,629,210,225,688,191,241,8,2013
815,FTTH昨日竣工数合计,6717,1096,599,325,1274,236,342,492,945,189,255,597,150,217,8,2013
816,FTTH昨日竣工数合计,8022,1040,649,417,1185,292,479,915,975,252,339,955,198,326,8,2013
817,FTTH昨日竣工数合计,9595,1331,776,505,1734,381,578,951,923,247,303,1287,247,332,8,2013
818,FTTH昨日竣工数合计,9125,1320,780,469,1756,409,557,723,853,291,302,1148,170,347,8,2013
819,FTTH昨日竣工数合计,9842,1305,763,569,1750,529,584,1126,856,276,279,1235,225,345,8,2013
820,FTTH昨日竣工数合计,9568,1455,793,602,1732,552,588,748,767,302,237,1225,207,360,8,2013
823,FTTH昨日竣工数合计,8566,1474,821,528,1588,295,464,618,716,219,273,1097,180,293,9,2013
824,FTTH昨日竣工数合计,9640,1527,899,556,1783,400,536,701,786,268,346,1277,221,340,9,2013
825,FTTH昨日竣工数合计,9559,1345,820,562,1810,403,573,746,985,268,333,1171,206,337,9,2013
826,FTTH昨日竣工数合计,8164,1198,697,409,1618,333,489,528,959,279,323,795,192,344,9,2013
827,FTTH昨日竣工数合计,7966,1134,641,330,1428,296,447,789,1023,287,312,762,185,332,9,2013
828,FTTH昨日竣工数合计,8430,1307,757,357,1640,314,414,585,951,236,279,1029,243,318,9,2013
829,FTTH昨日竣工数合计,7283,1176,668,356,1401,293,369,491,808,194,225,939,202,161,9,2013
830,FTTH昨日竣工数合计,7980,1187,735,513,1424,316,481,648,561,225,220,1182,197,291,9,2013
831,FTTH昨日竣工数合计,8652,1217,772,414,1645,381,478,577,1111,204,249,1147,219,238,9,2013
832,FTTH昨日竣工数合计,7661,1048,723,439,1422,302,432,619,870,216,259,867,161,303,9,2013
833,FTTH昨日竣工数合计,7273,1100,741,387,1506,308,479,519,542,199,129,993,206,164,9,2013
834,FTTH昨日竣工数合计,8620,1146,826,454,1546,301,510,545,1036,268,311,1148,211,318,9,2013
835,FTTH昨日竣工数合计,8516,1282,789,438,1591,302,490,590,907,221,319,1059,207,321,9,2013
836,FTTH昨日竣工数合计,7553,1223,689,367,1353,285,418,525,889,226,263,944,154,217,9,2013
837,FTTH昨日竣工数合计,7971,1120,808,447,1347,274,482,540,843,239,248,1164,163,296,9,2013
838,FTTH昨日竣工数合计,8817,1108,850,539,1597,301,551,695,957,177,280,1246,205,311,9,2013
839,FTTH昨日竣工数合计,9404,1266,949,540,1600,370,517,808,992,267,309,1213,252,321,9,2013
840,FTTH昨日竣工数合计,5417,654,615,303,1393,205,260,419,414,125,69,744,132,84,9,2013
841,FTTH昨日竣工数合计,7131,973,725,369,1390,271,394,483,789,188,191,950,173,235,9,2013
842,FTTH昨日竣工数合计,7043,1063,691,380,1251,244,444,481,700,211,239,901,188,250,9,2013
843,FTTH昨日竣工数合计,8182,1168,782,494,1388,339,503,612,875,269,231,1058,188,275,9,2013
844,FTTH昨日竣工数合计,9083,1201,910,546,1766,344,524,767,850,271,270,1096,194,344,9,2013
845,FTTH昨日竣工数合计,7453,963,959,388,1726,343,297,528,639,136,140,1008,172,154,9,2013
846,FTTH昨日竣工数合计,9755,1369,907,532,1722,400,607,877,915,294,377,1116,264,375,9,2013
847,FTTH昨日竣工数合计,9950,1329,931,725,1664,346,587,857,1089,292,365,1158,268,339,9,2013
848,FTTH昨日竣工数合计,9739,1318,939,592,1723,401,529,1019,951,254,332,1101,268,312,9,2013
849,FTTH昨日竣工数合计,8822,1433,817,477,1838,436,447,781,869,236,209,790,227,262,9,2013
850,FTTH昨日竣工数合计,10386,1626,902,705,1899,434,607,933,963,255,302,1119,293,348,9,2013
853,FTTH昨日竣工数合计,6824,1018,737,315,1086,243,362,554,779,197,225,770,289,249,10,2013
854,FTTH昨日竣工数合计,6848,1043,692,365,1077,215,312,467,852,219,237,899,225,245,10,2013
855,FTTH昨日竣工数合计,7248,926,620,433,1282,289,378,502,903,225,236,952,217,285,10,2013
856,FTTH昨日竣工数合计,7297,912,626,499,1173,335,393,548,933,221,246,929,239,243,10,2013
857,FTTH昨日竣工数合计,6228,968,466,355,814,196,375,532,784,192,238,743,250,315,10,2013
858,FTTH昨日竣工数合计,4866,887,297,238,651,158,237,276,922,145,251,424,120,260,10,2013
859,FTTH昨日竣工数合计,5750,1103,434,300,684,129,324,376,941,259,266,507,121,306,10,2013
860,FTTH昨日竣工数合计,8760,1284,847,507,1638,284,513,691,986,264,261,986,200,299,10,2013
861,FTTH昨日竣工数合计,9554,1308,890,549,1772,342,559,754,1008,279,248,1269,249,327,10,2013
862,FTTH昨日竣工数合计,9443,1215,828,572,1697,389,561,703,1031,283,277,1274,303,310,10,2013
863,FTTH昨日竣工数合计,9049,1185,860,514,1673,408,494,691,1019,279,271,1117,286,252,10,2013
864,FTTH昨日竣工数合计,8648,1251,823,503,1729,328,514,497,928,258,248,1039,241,289,10,2013
865,FTTH昨日竣工数合计,8280,1080,798,484,1409,369,536,538,974,252,231,1053,220,336,10,2013
866,FTTH昨日竣工数合计,8901,1103,967,569,1672,296,514,762,927,272,257,1106,163,293,10,2013
867,FTTH昨日竣工数合计,8882,1205,848,515,1600,341,552,715,883,235,285,1061,247,395,10,2013
868,FTTH昨日竣工数合计,8643,1135,909,499,1604,331,534,682,849,260,261,1069,217,293,10,2013
869,FTTH昨日竣工数合计,8885,1192,887,592,1511,360,472,794,945,270,247,1107,170,338,10,2013
870,FTTH昨日竣工数合计,8318,1113,691,514,1556,323,499,749,899,260,225,1008,179,302,10,2013
871,FTTH昨日竣工数合计,6893,1096,614,404,1380,284,386,439,790,141,201,814,162,182,10,2013
872,FTTH昨日竣工数合计,7945,1177,696,491,1333,264,461,774,907,205,227,978,189,243,10,2013
873,FTTH昨日竣工数合计,8876,1144,822,561,1701,358,495,727,928,250,243,1090,192,365,10,2013
874,FTTH昨日竣工数合计,8664,1090,748,536,1583,360,543,669,1014,243,238,1087,215,338,10,2013
875,FTTH昨日竣工数合计,8558,1078,945,527,1567,302,456,566,1123,229,236,1004,208,317,10,2013
876,FTTH昨日竣工数合计,8516,1111,886,529,1553,289,463,547,1131,258,256,986,210,297,10,2013
877,FTTH昨日竣工数合计,8085,1208,749,485,1600,246,472,583,935,256,229,829,202,291,10,2013
878,FTTH昨日竣工数合计,7379,1096,621,392,1401,260,423,669,885,180,230,796,214,212,10,2013
879,FTTH昨日竣工数合计,8155,1087,813,534,1396,263,476,742,916,251,215,968,195,299,10,2013
880,FTTH昨日竣工数合计,8974,1256,832,583,1646,330,575,520,1076,307,237,980,300,332,10,2013
881,FTTH昨日竣工数合计,9404,1258,1541,551,1713,399,512,585,851,291,232,887,253,331,10,2013
884,FTTH昨日竣工数合计,8230,1314,776,454,1682,275,463,530,816,230,233,963,253,241,11,2013
885,FTTH昨日竣工数合计,7196,1172,593,464,1442,237,325,405,809,202,265,821,234,227,11,2013
886,FTTH昨日竣工数合计,8304,1177,969,537,1359,253,463,529,932,276,283,1000,219,307,11,2013
887,FTTH昨日竣工数合计,9015,1250,1121,543,1653,270,531,587,1012,264,267,964,232,321,11,2013
888,FTTH昨日竣工数合计,8979,1146,1036,618,1589,324,523,691,954,310,259,1029,215,285,11,2013
889,FTTH昨日竣工数合计,8655,1168,847,481,1539,291,560,653,1109,273,243,914,246,331,11,2013
890,FTTH昨日竣工数合计,8522,1077,1086,514,1521,320,483,622,1059,226,216,871,239,288,11,2013
891,FTTH昨日竣工数合计,8207,1085,1364,384,1536,250,498,487,952,199,225,695,224,308,11,2013
892,FTTH昨日竣工数合计,7211,1011,1199,351,1286,233,443,442,737,181,201,673,252,202,11,2013
893,FTTH昨日竣工数合计,8036,1061,1242,355,1337,344,483,511,852,252,245,861,213,280,11,2013
894,FTTH昨日竣工数合计,8462,929,1384,397,1532,318,541,584,950,249,245,804,224,305,11,2013
895,FTTH昨日竣工数合计,8058,1111,798,462,1521,275,505,552,957,236,246,814,271,310,11,2013
896,FTTH昨日竣工数合计,7841,1057,743,426,1398,308,490,522,1018,243,233,845,229,329,11,2013
897,FTTH昨日竣工数合计,8182,1013,721,523,1393,324,479,758,985,245,271,910,235,325,11,2013
898,FTTH昨日竣工数合计,7865,1075,671,427,1515,251,522,648,921,245,233,787,294,276,11,2013
899,FTTH昨日竣工数合计,6682,1118,513,390,1284,231,457,433,749,201,176,676,229,225,11,2013
900,FTTH昨日竣工数合计,7501,1048,897,410,1328,278,436,565,769,216,229,854,237,234,11,2013
901,FTTH昨日竣工数合计,9472,1012,1468,482,1593,324,514,878,995,315,228,981,330,352,11,2013
902,FTTH昨日竣工数合计,8978,1083,1490,450,1617,297,588,578,907,281,235,887,240,325,11,2013
903,FTTH昨日竣工数合计,9168,1034,1513,537,1595,345,585,694,914,245,230,941,230,305,11,2013
904,FTTH昨日竣工数合计,8900,1032,1427,558,1435,294,535,825,900,256,223,865,243,307,11,2013
905,FTTH昨日竣工数合计,7654,1061,714,509,1470,270,553,474,785,228,228,875,212,275,11,2013
906,FTTH昨日竣工数合计,5033,847,519,276,1137,195,383,275,358,155,98,515,175,100,11,2013
907,FTTH昨日竣工数合计,8155,1088,1307,454,1293,319,537,462,829,274,221,835,222,314,11,2013
908,FTTH昨日竣工数合计,8794,1122,1443,485,1500,271,610,564,851,333,244,840,225,306,11,2013
909,FTTH昨日竣工数合计,8322,1067,827,489,1596,308,618,621,878,377,236,773,251,281,11,2013
910,FTTH昨日竣工数合计,7962,1123,731,574,1496,302,553,532,766,332,215,763,298,277,11,2013
911,FTTH昨日竣工数合计,8470,1172,984,531,1536,396,604,561,807,341,220,755,279,284,11,2013
914,FTTH昨日竣工数合计,8689,1226,1446,540,1382,320,491,576,855,268,232,828,233,292,12,2013
915,FTTH昨日竣工数合计,9185,1279,1485,542,1634,306,574,627,830,310,253,848,227,270,12,2013
916,FTTH昨日竣工数合计,9234,1270,1374,558,1658,376,557,641,879,268,252,825,241,335,12,2013
917,FTTH昨日竣工数合计,8407,1068,1139,483,1501,342,552,592,842,283,211,795,268,331,12,2013
918,FTTH昨日竣工数合计,8284,1009,835,535,1499,352,585,620,818,335,233,823,285,355,12,2013
919,FTTH昨日竣工数合计,8102,1276,743,463,1726,294,508,555,807,286,260,662,225,297,12,2013
920,FTTH昨日竣工数合计,6883,1146,564,368,1410,246,472,573,610,243,180,564,273,234,12,2013
921,FTTH昨日竣工数合计,7527,1107,697,391,1357,291,489,591,768,262,242,760,252,320,12,2013
922,FTTH昨日竣工数合计,8139,1370,697,437,1635,295,533,561,766,296,244,745,246,314,12,2013
923,FTTH昨日竣工数合计,8428,1330,698,524,1634,339,572,570,837,292,240,837,240,315,12,2013
924,FTTH昨日竣工数合计,8490,1260,816,533,1672,344,593,587,849,321,242,674,277,322,12,2013
925,FTTH昨日竣工数合计,8187,1257,791,510,1419,322,569,692,794,352,227,695,242,317,12,2013
926,FTTH昨日竣工数合计,7954,1420,912,403,1473,308,525,514,683,316,237,656,219,288,12,2013
927,FTTH昨日竣工数合计,7274,1267,719,391,1486,309,457,466,789,211,216,534,234,195,12,2013
928,FTTH昨日竣工数合计,6383,952,645,389,836,243,416,626,780,278,225,481,205,307,12,2013
929,FTTH昨日竣工数合计,7621,1080,867,409,1120,257,564,838,847,402,236,494,186,321,12,2013
930,FTTH昨日竣工数合计,8802,1218,1013,566,1568,362,581,770,865,355,226,708,279,291,12,2013
931,FTTH昨日竣工数合计,8330,1147,907,562,1642,302,544,657,785,329,203,682,274,296,12,2013
932,FTTH昨日竣工数合计,8188,1192,908,579,1466,358,538,629,759,303,221,665,294,276,12,2013
933,FTTH昨日竣工数合计,8019,1257,808,399,1661,278,502,563,759,339,248,694,254,257,12,2013
934,FTTH昨日竣工数合计,6937,1225,643,356,1371,250,385,514,787,248,200,553,213,192,12,2013
935,FTTH昨日竣工数合计,8225,1217,795,598,1482,291,569,639,842,289,196,760,306,241,12,2013
936,FTTH昨日竣工数合计,8958,1257,941,632,1637,395,598,754,813,313,267,742,314,295,12,2013
937,FTTH昨日竣工数合计,9539,1370,956,631,1749,428,626,881,848,326,276,799,311,338,12,2013
938,FTTH昨日竣工数合计,9093,1235,971,680,1554,405,560,718,782,390,247,879,363,309,12,2013
939,FTTH昨日竣工数合计,9299,1289,922,639,1618,382,562,919,856,402,259,824,316,311,12,2013
940,FTTH昨日竣工数合计,9322,1501,980,637,1754,428,601,672,814,366,245,799,307,218,12,2013
941,FTTH昨日竣工数合计,8607,1449,810,536,1590,308,568,691,736,380,231,782,296,230,12,2013
942,FTTH昨日竣工数合计,9403,1480,986,534,1608,430,588,824,845,387,257,860,267,337,12,2013
945,FTTH昨日竣工数合计,9969,1489,969,684,1537,394,571,699,931,419,287,1369,299,321,1,2014
946,FTTH昨日竣工数合计,10740,1502,1082,707,1892,474,627,725,951,470,323,1261,328,398,1,2014
947,FTTH昨日竣工数合计,11068,1662,994,669,1919,533,658,825,1039,400,355,1275,360,379,1,2014
948,FTTH昨日竣工数合计,9723,1506,833,600,1642,451,608,735,980,376,299,1087,329,277,1,2014
949,FTTH昨日竣工数合计,9664,1372,852,678,1512,439,651,764,827,361,292,1238,340,338,1,2014
950,FTTH昨日竣工数合计,9569,1228,903,714,1543,453,576,797,904,368,251,1163,288,381,1,2014
951,FTTH昨日竣工数合计,8463,1092,877,445,1364,421,498,656,793,372,308,985,262,390,1,2014
952,FTTH昨日竣工数合计,9962,1281,971,655,1476,473,651,801,888,412,363,1253,353,385,1,2014
953,FTTH昨日竣工数合计,10103,1269,959,684,1616,472,672,823,913,433,315,1242,368,337,1,2014
954,FTTH昨日竣工数合计,9675,1473,742,559,1445,529,606,751,1012,457,316,1056,336,393,1,2014
955,FTTH昨日竣工数合计,8558,1419,750,526,1450,459,572,584,723,427,289,798,322,239,1,2014
956,FTTH昨日竣工数合计,9593,1281,881,654,1441,476,574,863,909,407,369,1081,311,346,1,2014
957,FTTH昨日竣工数合计,10945,1411,978,725,1884,546,674,937,956,468,374,1221,368,403,1,2014
958,FTTH昨日竣工数合计,11116,1458,1098,586,1907,627,719,903,1016,507,354,1025,433,483,1,2014
959,FTTH昨日竣工数合计,11230,1427,1100,674,1835,642,741,970,1074,483,343,1088,390,463,1,2014
960,FTTH昨日竣工数合计,11286,1490,1100,700,1808,673,697,938,1037,459,395,1141,401,447,1,2014
961,FTTH昨日竣工数合计,11250,1771,1020,667,1978,697,671,899,847,516,362,994,415,413,1,2014
962,FTTH昨日竣工数合计,10124,1563,858,538,1703,673,619,788,891,495,326,886,418,366,1,2014
963,FTTH昨日竣工数合计,10023,1324,913,662,1490,633,664,828,915,532,361,872,399,430,1,2014
964,FTTH昨日竣工数合计,11930,1541,1143,679,1893,695,749,1053,1119,523,416,1157,448,514,1,2014
965,FTTH昨日竣工数合计,12789,1682,1183,848,1933,783,850,1069,1113,588,400,1202,606,532,1,2014
966,FTTH昨日竣工数合计,13053,1686,1247,857,1854,804,775,1237,1090,625,477,1232,497,672,1,2014
967,FTTH昨日竣工数合计,12990,1650,1146,935,1826,831,798,1280,1118,737,452,1189,471,557,1,2014
968,FTTH昨日竣工数合计,13056,1839,1130,811,1967,791,821,1265,1061,684,411,1141,548,587,1,2014
969,FTTH昨日竣工数合计,11982,1499,1009,770,1642,772,763,1299,1058,609,436,1097,459,569,1,2014
970,FTTH昨日竣工数合计,12542,1565,1063,741,1643,818,860,1323,1071,767,418,1139,459,675,1,2014
971,FTTH昨日竣工数合计,11397,1367,956,622,1444,802,726,1035,1187,696,387,1138,332,705,1,2014
972,FTTH昨日竣工数合计,8477,805,635,412,1104,592,366,674,1190,576,349,832,250,692,1,2014
973,FTTH昨日竣工数合计,3176,284,261,168,415,246,146,220,519,202,107,330,90,188,1,2014
976,FTTH昨日竣工数合计,516,63,37,37,71,47,13,21,101,31,8,32,1,54,2,2014
977,FTTH昨日竣工数合计,1068,44,72,16,280,84,23,103,225,37,11,79,2,92,2,2014
978,FTTH昨日竣工数合计,1492,118,104,35,331,110,19,56,378,50,19,100,8,164,2,2014
979,FTTH昨日竣工数合计,1267,124,115,27,324,107,64,73,216,48,17,71,12,69,2,2014
980,FTTH昨日竣工数合计,1868,190,144,34,419,97,66,88,360,110,65,133,25,137,2,2014
981,FTTH昨日竣工数合计,2730,366,395,78,583,176,99,154,330,111,48,217,29,144,2,2014
982,FTTH昨日竣工数合计,6444,814,824,173,1556,343,301,326,603,303,159,626,83,333,2,2014
983,FTTH昨日竣工数合计,7111,1034,888,261,1597,395,303,336,705,259,171,751,135,276,2,2014
984,FTTH昨日竣工数合计,8197,1131,902,377,1719,416,481,412,742,310,244,891,178,394,2,2014
985,FTTH昨日竣工数合计,9249,1235,1034,431,2020,417,533,466,789,360,259,1118,209,378,2,2014
986,FTTH昨日竣工数合计,9707,1408,1004,435,2212,489,503,479,786,351,281,1170,207,382,2,2014
987,FTTH昨日竣工数合计,9714,1147,1166,449,2287,483,503,535,777,336,259,1165,188,419,2,2014
988,FTTH昨日竣工数合计,9378,1121,1155,524,2385,376,491,578,673,298,226,1070,187,294,2,2014
989,FTTH昨日竣工数合计,9960,1431,1066,512,2590,483,490,588,700,310,239,975,223,353,2,2014
990,FTTH昨日竣工数合计,7091,1368,758,366,1858,343,325,232,552,200,110,691,137,151,2,2014
991,FTTH昨日竣工数合计,6511,1106,828,313,1933,252,287,213,315,211,85,699,151,118,2,2014
992,FTTH昨日竣工数合计,6267,919,636,175,1552,227,212,428,762,205,264,450,101,336,2,2014
993,FTTH昨日竣工数合计,10040,1334,1119,524,2509,333,502,583,850,326,284,1085,214,377,2,2014
994,FTTH昨日竣工数合计,11231,1559,1186,620,2720,449,592,614,865,365,261,1332,265,403,2,2014
995,FTTH昨日竣工数合计,11672,1514,1264,665,2798,550,621,973,776,408,258,1194,266,385,2,2014
996,FTTH昨日竣工数合计,10818,1529,1082,533,2901,588,488,631,668,336,268,1195,270,329,2,2014
997,FTTH昨日竣工数合计,10302,1571,1086,456,3015,495,498,481,675,246,205,1064,275,235,2,2014
